game_date,game_time_et,matchup,pitcher_away,pitcher_home,polymarket_line,old_expected_runs,old_recommendation,old_confidence,old_status,new_expected_runs,new_recommendation,new_confidence,new_status,actual_runs,old_key_factors,new_key_factors
2026-06-26,10:15 PM ET,Atlanta Braves @ San Francisco Giants,Reynaldo López,Unknown,8.5,8.18,NO BET / SKIP ⚠️,LOW ⚠️,SKIP,8.18,NO BET / SKIP ⚠️,LOW ⚠️,SKIP,4,"Data pitcher tidak tersedia, menggunakan baseline.; Kontrol buruk (BB/9 4.33): +0.3 run; Inning pendek (rata-rata 2.0 IP): +0.2 run (eksposur bullpen); Disiplin rendah (BB% 6.45): -0.2 run; Kelembaban/Hujan (93% / 1%): +0.1 run (grip pitcher terganggu); Pitcher's Park (PF 93): -0.7 run","Data pitcher tidak tersedia, menggunakan baseline.; Kontrol buruk (BB/9 4.33): +0.3 run; Inning pendek (rata-rata 2.0 IP): +0.2 run (eksposur bullpen); Disiplin rendah (BB% 6.45): -0.2 run; Kelembaban/Hujan (93% / 1%): +0.1 run (grip pitcher terganggu); Pitcher's Park (PF 93): -0.7 run"
2026-06-26,6:40 PM ET,Houston Astros @ Detroit Tigers,Spencer Arrighetti,Keider Montero,8.5,7.85,UNDER ✅,MEDIUM ⚡,WIN,8.16,NO BET / SKIP ⚠️,LOW ⚠️,SKIP,8,WHIP rendah (1.0): -0.3 run; Kontrol elit (BB/9 1.9): -0.3 run; Inning pendek (rata-rata 4.7 IP): +0.2 run (eksposur bullpen); Kontrol buruk (BB/9 4.17): +0.3 run; Bullpen lemah (ERA 4.72): +0.3 run,WHIP rendah (1.0): -0.3 run; Kontrol elit (BB/9 1.9): -0.3 run; Inning pendek (rata-rata 4.7 IP): +0.2 run (eksposur bullpen); Kontrol buruk (BB/9 4.17): +0.3 run; Bullpen lemah (ERA 4.72): +0.3 run
2026-06-26,6:40 PM ET,Cincinnati Reds @ Pittsburgh Pirates,Andrew Abbott,Paul Skenes,8.5,8.26,NO BET / SKIP ⚠️,LOW ⚠️,SKIP,8.64,NO BET / SKIP ⚠️,LOW ⚠️,SKIP,10,WHIP rendah (0.93): -0.3 run; Kontrol elit (BB/9 1.84): -0.3 run; Beban kerja tinggi (2 start > 100 pitch): +0.3 run; WHIP tinggi (1.42): +0.3 run; Kontrol buruk (BB/9 4.15): +0.3 run; Bullpen lemah (ERA 4.51): +0.3 run; Offense lemah (OPS 0.698): -0.3 run; Disiplin tinggi (BB% 10.06): +0.2 run (eksposur baserunner); Buruk RISP (0.217): -0.2 run,WHIP rendah (0.93): -0.3 run; Kontrol elit (BB/9 1.84): -0.3 run; Beban kerja tinggi (2 start > 100 pitch): +0.3 run; WHIP tinggi (1.42): +0.3 run; Kontrol buruk (BB/9 4.15): +0.3 run; Bullpen lemah (ERA 4.51): +0.3 run; Offense lemah (OPS 0.698): -0.3 run; Disiplin tinggi (BB% 10.06): +0.2 run (eksposur baserunner); Buruk RISP (0.217): -0.2 run
2026-06-26,7:05 PM ET,Washington Nationals @ Baltimore Orioles,Andrew Alvarez,Trevor Rogers,8.5,9.82,OVER ✅,MEDIUM ⚡,LOSS,9.88,OVER ✅,MEDIUM ⚡,LOSS,4,Inning pendek (rata-rata 4.0 IP): +0.2 run (eksposur bullpen); Bullpen lemah (ERA 4.75): +0.3 run,Inning pendek (rata-rata 4.0 IP): +0.2 run (eksposur bullpen); Bullpen lemah (ERA 4.75): +0.3 run
2026-06-26,7:07 PM ET,Texas Rangers @ Toronto Blue Jays,Nathan Eovaldi,Patrick Corbin,8.5,9.35,OVER ✅,MEDIUM ⚡,WIN,9.16,OVER ✅,MEDIUM ⚡,WIN,9,"WHIP tinggi (1.53): +0.3 run; Inning pendek (rata-rata 3.1 IP): +0.2 run (eksposur bullpen); Home Momentum (NEUTRAL Offense, STRUGGLING Pitcher): +0.30 run","WHIP tinggi (1.53): +0.3 run; Inning pendek (rata-rata 3.1 IP): +0.2 run (eksposur bullpen); Home Momentum (NEUTRAL Offense, STRUGGLING Pitcher): +0.30 run"
2026-06-26,7:10 PM ET,Philadelphia Phillies @ New York Mets,Zack Wheeler,Zach Thornton,8.5,7.79,UNDER ✅,MEDIUM ⚡,WIN,7.57,UNDER ✅,MEDIUM ⚡,WIN,3,Kontrol buruk (BB/9 4.15): +0.3 run; WHIP rendah (0.88): -0.3 run; Offense lemah (OPS 0.676): -0.3 run,Kontrol buruk (BB/9 4.15): +0.3 run; WHIP rendah (0.88): -0.3 run; Offense lemah (OPS 0.676): -0.3 run
2026-06-26,7:10 PM ET,Arizona Diamondbacks @ Tampa Bay Rays,Zac Gallen,Nick Martinez,8.5,8.53,NO BET / SKIP ⚠️,LOW ⚠️,SKIP,8.32,NO BET / SKIP ⚠️,LOW ⚠️,SKIP,7,Kontrol elit (BB/9 1.72): -0.3 run; WHIP tinggi (1.63): +0.3 run; Offense lemah (OPS 0.696): -0.3 run; Atap stadion DITUTUP (dome) — Kondisi udara dikontrol: +0.00 run,Kontrol elit (BB/9 1.72): -0.3 run; WHIP tinggi (1.63): +0.3 run; Offense lemah (OPS 0.696): -0.3 run; Atap stadion DITUTUP (dome) — Kondisi udara dikontrol: +0.00 run
2026-06-26,7:10 PM ET,Seattle Mariners @ Cleveland Guardians,Luis Castillo,Joey Cantillo,8.5,8.73,NO BET / SKIP ⚠️,LOW ⚠️,SKIP,8.4,NO BET / SKIP ⚠️,LOW ⚠️,SKIP,4,Kontrol buruk (BB/9 4.16): +0.3 run; Inning pendek (rata-rata 4.8 IP): +0.2 run (eksposur bullpen); Offense lemah (OPS 0.679): -0.3 run; Disiplin tinggi (BB% 10.19): +0.2 run (eksposur baserunner); Offense lemah (OPS 0.695): -0.3 run,Kontrol buruk (BB/9 4.16): +0.3 run; Inning pendek (rata-rata 4.8 IP): +0.2 run (eksposur bullpen); Offense lemah (OPS 0.679): -0.3 run; Disiplin tinggi (BB% 10.19): +0.2 run (eksposur baserunner); Offense lemah (OPS 0.695): -0.3 run
2026-06-26,7:11 PM ET,New York Yankees @ Boston Red Sox,Will Warren,Payton Tolle,8.5,8.87,NO BET / SKIP ⚠️,LOW ⚠️,SKIP,8.96,NO BET / SKIP ⚠️,LOW ⚠️,SKIP,7,"WHIP rendah (1.09): -0.3 run; Inning pendek (rata-rata 4.4 IP): +0.2 run (eksposur bullpen); Offense lemah (OPS 0.697): -0.3 run; Disiplin tinggi (BB% 10.85): +0.2 run (eksposur baserunner); Away Momentum (NEUTRAL Offense, STRUGGLING Pitcher): +0.30 run; Kelembaban/Hujan (92% / 14%): +0.1 run (grip pitcher terganggu); Hitter's Park (PF 109): +0.9 run","WHIP rendah (1.09): -0.3 run; Inning pendek (rata-rata 4.4 IP): +0.2 run (eksposur bullpen); Offense lemah (OPS 0.697): -0.3 run; Disiplin tinggi (BB% 10.85): +0.2 run (eksposur baserunner); Away Momentum (NEUTRAL Offense, STRUGGLING Pitcher): +0.30 run; Kelembaban/Hujan (92% / 14%): +0.1 run (grip pitcher terganggu); Hitter's Park (PF 109): +0.9 run"
2026-06-26,7:40 PM ET,Kansas City Royals @ Chicago White Sox,Steven Cruz,David Sandlin,8.5,13.3,OVER ✅,HIGH 🔥,WIN,11.55,OVER ✅,HIGH 🔥,WIN,23,"WHIP tinggi (1.43): +0.3 run; Kontrol buruk (BB/9 4.73): +0.3 run; Inning pendek (rata-rata 4.4 IP): +0.2 run (eksposur bullpen); WHIP tinggi (1.57): +0.3 run; Kontrol buruk (BB/9 5.09): +0.3 run; Inning pendek (rata-rata 0.8 IP): +0.2 run (eksposur bullpen); Bullpen lemah (ERA 4.66): +0.3 run; Away Momentum (NEUTRAL Offense, STRUGGLING Pitcher): +0.30 run; Angin INWARD kencang (10.5 mph): -0.32 run","WHIP tinggi (1.43): +0.3 run; Kontrol buruk (BB/9 4.73): +0.3 run; Inning pendek (rata-rata 4.4 IP): +0.2 run (eksposur bullpen); WHIP tinggi (1.57): +0.3 run; Kontrol buruk (BB/9 5.09): +0.3 run; Inning pendek (rata-rata 0.8 IP): +0.2 run (eksposur bullpen); Bullpen lemah (ERA 4.66): +0.3 run; Away Momentum (NEUTRAL Offense, STRUGGLING Pitcher): +0.30 run; Angin INWARD kencang (10.5 mph): -0.32 run"
2026-06-26,7:45 PM ET,Chicago Cubs @ Milwaukee Brewers,Colin Rea,Jacob Misiorowski,8.5,8.19,NO BET / SKIP ⚠️,LOW ⚠️,SKIP,8.4,NO BET / SKIP ⚠️,LOW ⚠️,SKIP,8,"WHIP rendah (0.75): -0.3 run; Inning panjang (rata-rata 7.3 IP): -0.2 run (kurangi eksposur bullpen); Inning pendek (rata-rata 4.5 IP): +0.2 run (eksposur bullpen); Disiplin tinggi (BB% 10.81): +0.2 run (eksposur baserunner); Disiplin tinggi (BB% 11.1): +0.2 run (eksposur baserunner); Home Momentum (NEUTRAL Offense, PEAK Pitcher): -0.30 run; Kelembaban/Hujan (98% / 2%): +0.1 run (grip pitcher terganggu)","WHIP rendah (0.75): -0.3 run; Inning panjang (rata-rata 7.3 IP): -0.2 run (kurangi eksposur bullpen); Inning pendek (rata-rata 4.5 IP): +0.2 run (eksposur bullpen); Disiplin tinggi (BB% 10.81): +0.2 run (eksposur baserunner); Disiplin tinggi (BB% 11.1): +0.2 run (eksposur baserunner); Home Momentum (NEUTRAL Offense, PEAK Pitcher): -0.30 run; Kelembaban/Hujan (98% / 2%): +0.1 run (grip pitcher terganggu)"
2026-06-26,8:10 PM ET,Colorado Rockies @ Minnesota Twins,Tomoyuki Sugano,Taj Bradley,9.5,10.0,OVER ✅,MEDIUM ⚡,WIN,10.38,OVER ✅,MEDIUM ⚡,WIN,17,Kontrol buruk (BB/9 3.76): +0.3 run; Bullpen lemah (ERA 4.82): +0.3 run; Bullpen lemah (ERA 5.48): +0.3 run; Efisien RISP (0.289): +0.2 run,Kontrol buruk (BB/9 3.76): +0.3 run; Bullpen lemah (ERA 4.82): +0.3 run; Bullpen lemah (ERA 5.48): +0.3 run; Efisien RISP (0.289): +0.2 run
2026-06-26,8:15 PM ET,Miami Marlins @ St. Louis Cardinals,Max Meyer,Michael McGreevy,8.5,7.63,UNDER ✅,MEDIUM ⚡,WIN,8.05,NO BET / SKIP ⚠️,LOW ⚠️,SKIP,4,Kelembaban/Hujan (96% / 9%): +0.1 run (grip pitcher terganggu),Kelembaban/Hujan (96% / 9%): +0.1 run (grip pitcher terganggu)
2026-06-26,9:38 PM ET,Athletics @ Los Angeles Angels,J.T. Ginn,Walbert Ureña,8.5,8.68,NO BET / SKIP ⚠️,LOW ⚠️,SKIP,9.42,OVER ✅,MEDIUM ⚡,WIN,12,Kontrol buruk (BB/9 4.68): +0.3 run; Bullpen lemah (ERA 4.63): +0.3 run; Kontrol buruk (BB/9 3.81): +0.3 run; Bullpen lemah (ERA 4.96): +0.3 run; Kelembaban/Hujan (87% / 0%): +0.1 run (grip pitcher terganggu),Kontrol buruk (BB/9 4.68): +0.3 run; Bullpen lemah (ERA 4.63): +0.3 run; Kontrol buruk (BB/9 3.81): +0.3 run; Bullpen lemah (ERA 4.96): +0.3 run; Kelembaban/Hujan (87% / 0%): +0.1 run (grip pitcher terganggu)
2026-06-26,9:45 PM ET,Los Angeles Dodgers @ San Diego Padres,Roki Sasaki,Walker Buehler,7.5,8.53,OVER ✅,MEDIUM ⚡,WIN,8.22,OVER ✅,MEDIUM ⚡,WIN,8,Inning pendek (rata-rata 4.8 IP): +0.2 run (eksposur bullpen); Offense lemah (OPS 0.658): -0.3 run; Disiplin tinggi (BB% 10.53): +0.2 run (eksposur baserunner); Kelembaban/Hujan (94% / 0%): +0.1 run (grip pitcher terganggu); Pitcher's Park (PF 94): -0.6 run,Inning pendek (rata-rata 4.8 IP): +0.2 run (eksposur bullpen); Offense lemah (OPS 0.658): -0.3 run; Disiplin tinggi (BB% 10.53): +0.2 run (eksposur baserunner); Kelembaban/Hujan (94% / 0%): +0.1 run (grip pitcher terganggu); Pitcher's Park (PF 94): -0.6 run
2026-06-27,1:10 PM ET,New York Yankees @ Boston Red Sox,Gerrit Cole,Jake Bennett,8.5,8.23,NO BET / SKIP ⚠️,LOW ⚠️,SKIP,8.31,NO BET / SKIP ⚠️,LOW ⚠️,SKIP,5,"Kontrol elit (BB/9 1.69): -0.3 run; Inning pendek (rata-rata 4.7 IP): +0.2 run (eksposur bullpen); Offense lemah (OPS 0.699): -0.3 run; Disiplin tinggi (BB% 10.8): +0.2 run (eksposur baserunner); Home Momentum (NEUTRAL Offense, PEAK Pitcher): -0.30 run; Angin INWARD kencang (10.4 mph): -0.32 run; Hitter's Park (PF 109): +0.9 run","Kontrol elit (BB/9 1.69): -0.3 run; Inning pendek (rata-rata 4.7 IP): +0.2 run (eksposur bullpen); Offense lemah (OPS 0.699): -0.3 run; Disiplin tinggi (BB% 10.8): +0.2 run (eksposur baserunner); Home Momentum (NEUTRAL Offense, PEAK Pitcher): -0.30 run; Angin INWARD kencang (10.4 mph): -0.32 run; Hitter's Park (PF 109): +0.9 run"
2026-06-27,1:10 PM ET,Houston Astros @ Detroit Tigers,Kai-Wei Teng,Framber Valdez,8.5,9.31,OVER ✅,MEDIUM ⚡,WIN,9.38,OVER ✅,MEDIUM ⚡,WIN,14,"Kontrol buruk (BB/9 4.03): +0.3 run; Inning pendek (rata-rata 4.4 IP): +0.2 run (eksposur bullpen); Bullpen lemah (ERA 4.76): +0.3 run; Away Momentum (NEUTRAL Offense, STRUGGLING Pitcher): +0.30 run","Kontrol buruk (BB/9 4.03): +0.3 run; Inning pendek (rata-rata 4.4 IP): +0.2 run (eksposur bullpen); Bullpen lemah (ERA 4.76): +0.3 run; Away Momentum (NEUTRAL Offense, STRUGGLING Pitcher): +0.30 run"
2026-06-27,3:07 PM ET,Texas Rangers @ Toronto Blue Jays,Cal Quantrill,Dylan Cease,8.5,8.7,NO BET / SKIP ⚠️,LOW ⚠️,SKIP,9.07,OVER ✅,MEDIUM ⚡,WIN,11,"Kontrol buruk (BB/9 4.0): +0.3 run; Beban kerja tinggi (2 start > 100 pitch): +0.3 run; Inning pendek (rata-rata 1.4 IP): +0.2 run (eksposur bullpen); Home Momentum (NEUTRAL Offense, STRUGGLING Pitcher): +0.30 run; Away Momentum (NEUTRAL Offense, STRUGGLING Pitcher): +0.30 run","Kontrol buruk (BB/9 4.0): +0.3 run; Beban kerja tinggi (2 start > 100 pitch): +0.3 run; Inning pendek (rata-rata 1.4 IP): +0.2 run (eksposur bullpen); Home Momentum (NEUTRAL Offense, STRUGGLING Pitcher): +0.30 run; Away Momentum (NEUTRAL Offense, STRUGGLING Pitcher): +0.30 run"
2026-06-27,4:05 PM ET,Cincinnati Reds @ Pittsburgh Pirates,Chase Burns,Jared Jones,8.5,9.3,OVER ✅,MEDIUM ⚡,WIN,9.16,OVER ✅,MEDIUM ⚡,WIN,16,"WHIP tinggi (1.52): +0.3 run; Kontrol buruk (BB/9 3.54): +0.3 run; Inning pendek (rata-rata 3.7 IP): +0.2 run (eksposur bullpen); WHIP rendah (1.05): -0.3 run; Offense lemah (OPS 0.697): -0.3 run; Disiplin tinggi (BB% 10.01): +0.2 run (eksposur baserunner); Away Momentum (NEUTRAL Offense, STRUGGLING Pitcher): +0.30 run; Kelembaban/Hujan (96% / 26%): +0.1 run (grip pitcher terganggu)","WHIP tinggi (1.52): +0.3 run; Kontrol buruk (BB/9 3.54): +0.3 run; Inning pendek (rata-rata 3.7 IP): +0.2 run (eksposur bullpen); WHIP rendah (1.05): -0.3 run; Offense lemah (OPS 0.697): -0.3 run; Disiplin tinggi (BB% 10.01): +0.2 run (eksposur baserunner); Away Momentum (NEUTRAL Offense, STRUGGLING Pitcher): +0.30 run; Kelembaban/Hujan (96% / 26%): +0.1 run (grip pitcher terganggu)"
2026-06-27,4:10 PM ET,Kansas City Royals @ Chicago White Sox,Michael Wacha,Davis Martin,8.5,7.96,UNDER ✅,MEDIUM ⚡,WIN,8.37,NO BET / SKIP ⚠️,LOW ⚠️,SKIP,3,Inning panjang (rata-rata 6.7 IP): -0.2 run (kurangi eksposur bullpen); Bullpen lemah (ERA 4.87): +0.3 run,Inning panjang (rata-rata 6.7 IP): -0.2 run (kurangi eksposur bullpen); Bullpen lemah (ERA 4.87): +0.3 run
2026-06-27,4:10 PM ET,Philadelphia Phillies @ New York Mets,Unknown,Unknown,8.5,7.49,UNDER ✅,MEDIUM ⚡,WIN,7.92,UNDER ✅,MEDIUM ⚡,WIN,8,"Kontrol buruk (BB/9 4.2): +0.3 run; Inning pendek (rata-rata 4.8 IP): +0.2 run (eksposur bullpen); WHIP rendah (0.99): -0.3 run; Kontrol elit (BB/9 1.78): -0.3 run; Inning pendek (rata-rata 1.3 IP): +0.2 run (eksposur bullpen); Offense lemah (OPS 0.672): -0.3 run; Home Momentum (NEUTRAL Offense, STRUGGLING Pitcher): +0.30 run; Kelembaban/Hujan (91% / 33%): +0.1 run (grip pitcher terganggu)","Kontrol buruk (BB/9 4.2): +0.3 run; Inning pendek (rata-rata 4.8 IP): +0.2 run (eksposur bullpen); WHIP rendah (0.99): -0.3 run; Kontrol elit (BB/9 1.78): -0.3 run; Inning pendek (rata-rata 1.3 IP): +0.2 run (eksposur bullpen); Offense lemah (OPS 0.672): -0.3 run; Home Momentum (NEUTRAL Offense, STRUGGLING Pitcher): +0.30 run; Kelembaban/Hujan (91% / 33%): +0.1 run (grip pitcher terganggu)"
2026-06-27,6:10 PM ET,Arizona Diamondbacks @ Tampa Bay Rays,Jose Cabrera,Cole Sulser,8.5,7.9,UNDER ✅,MEDIUM ⚡,WIN,8.21,NO BET / SKIP ⚠️,LOW ⚠️,SKIP,6,"WHIP tinggi (1.55): +0.3 run; Inning pendek (rata-rata 1.3 IP): +0.2 run (eksposur bullpen); WHIP rendah (0.6): -0.3 run; Kontrol elit (BB/9 0.0): -0.3 run; Offense lemah (OPS 0.695): -0.3 run; Home Momentum (NEUTRAL Offense, PEAK Pitcher): -0.30 run; Atap stadion DITUTUP (dome) — Kondisi udara dikontrol: +0.00 run","WHIP tinggi (1.55): +0.3 run; Inning pendek (rata-rata 1.3 IP): +0.2 run (eksposur bullpen); WHIP rendah (0.6): -0.3 run; Kontrol elit (BB/9 0.0): -0.3 run; Offense lemah (OPS 0.695): -0.3 run; Home Momentum (NEUTRAL Offense, PEAK Pitcher): -0.30 run; Atap stadion DITUTUP (dome) — Kondisi udara dikontrol: +0.00 run"
2026-06-27,7:05 PM ET,Washington Nationals @ Baltimore Orioles,Foster Griffin,Brandon Young,9.5,7.97,UNDER ✅,HIGH 🔥,WIN,8.51,UNDER ✅,MEDIUM ⚡,WIN,7,WHIP rendah (1.06): -0.3 run; Inning panjang (rata-rata 6.4 IP): -0.2 run (kurangi eksposur bullpen); Bullpen lemah (ERA 4.74): +0.3 run; Kelembaban/Hujan (92% / 17%): +0.1 run (grip pitcher terganggu),WHIP rendah (1.06): -0.3 run; Inning panjang (rata-rata 6.4 IP): -0.2 run (kurangi eksposur bullpen); Bullpen lemah (ERA 4.74): +0.3 run; Kelembaban/Hujan (92% / 17%): +0.1 run (grip pitcher terganggu)
2026-06-27,7:10 PM ET,Seattle Mariners @ Cleveland Guardians,Logan Gilbert,Slade Cecconi,8.5,6.95,UNDER ✅,HIGH 🔥,WIN,6.88,UNDER ✅,HIGH 🔥,WIN,7,WHIP rendah (1.01): -0.3 run; Inning panjang (rata-rata 6.4 IP): -0.2 run (kurangi eksposur bullpen); Offense lemah (OPS 0.675): -0.3 run; Disiplin tinggi (BB% 10.12): +0.2 run (eksposur baserunner); Offense lemah (OPS 0.695): -0.3 run,WHIP rendah (1.01): -0.3 run; Inning panjang (rata-rata 6.4 IP): -0.2 run (kurangi eksposur bullpen); Offense lemah (OPS 0.675): -0.3 run; Disiplin tinggi (BB% 10.12): +0.2 run (eksposur baserunner); Offense lemah (OPS 0.695): -0.3 run
2026-06-27,7:10 PM ET,Chicago Cubs @ Milwaukee Brewers,David Peterson,Kyle Harrison,8.5,10.86,OVER ✅,HIGH 🔥,WIN,10.84,OVER ✅,HIGH 🔥,WIN,10,"WHIP rendah (1.06): -0.3 run; Inning pendek (rata-rata 4.7 IP): +0.2 run (eksposur bullpen); WHIP tinggi (1.65): +0.3 run; Kontrol buruk (BB/9 3.97): +0.3 run; Inning pendek (rata-rata 3.4 IP): +0.2 run (eksposur bullpen); Disiplin tinggi (BB% 10.84): +0.2 run (eksposur baserunner); Disiplin tinggi (BB% 11.19): +0.2 run (eksposur baserunner); Away Momentum (NEUTRAL Offense, STRUGGLING Pitcher): +0.30 run; Kelembaban/Hujan (87% / 2%): +0.1 run (grip pitcher terganggu)","WHIP rendah (1.06): -0.3 run; Inning pendek (rata-rata 4.7 IP): +0.2 run (eksposur bullpen); WHIP tinggi (1.65): +0.3 run; Kontrol buruk (BB/9 3.97): +0.3 run; Inning pendek (rata-rata 3.4 IP): +0.2 run (eksposur bullpen); Disiplin tinggi (BB% 10.84): +0.2 run (eksposur baserunner); Disiplin tinggi (BB% 11.19): +0.2 run (eksposur baserunner); Away Momentum (NEUTRAL Offense, STRUGGLING Pitcher): +0.30 run; Kelembaban/Hujan (87% / 2%): +0.1 run (grip pitcher terganggu)"
2026-06-27,7:10 PM ET,Colorado Rockies @ Minnesota Twins,Michael Lorenzen,Mike Paredes,9.5,11.91,OVER ✅,HIGH 🔥,WIN,11.72,OVER ✅,HIGH 🔥,WIN,13,Kontrol buruk (BB/9 4.05): +0.3 run; Inning pendek (rata-rata 4.1 IP): +0.2 run (eksposur bullpen); Bullpen lemah (ERA 4.85): +0.3 run; WHIP tinggi (1.83): +0.3 run; Bullpen lemah (ERA 5.51): +0.3 run; Efisien RISP (0.292): +0.2 run,Kontrol buruk (BB/9 4.05): +0.3 run; Inning pendek (rata-rata 4.1 IP): +0.2 run (eksposur bullpen); Bullpen lemah (ERA 4.85): +0.3 run; WHIP tinggi (1.83): +0.3 run; Bullpen lemah (ERA 5.51): +0.3 run; Efisien RISP (0.292): +0.2 run
2026-06-27,7:15 PM ET,Miami Marlins @ St. Louis Cardinals,Ryan Gusto,Andre Pallante,8.5,9.61,OVER ✅,MEDIUM ⚡,LOSS,9.04,OVER ✅,MEDIUM ⚡,LOSS,6,Inning panjang (rata-rata 6.3 IP): -0.2 run (kurangi eksposur bullpen); WHIP tinggi (1.61): +0.3 run; Inning pendek (rata-rata 4.1 IP): +0.2 run (eksposur bullpen); Kelembaban/Hujan (91% / 20%): +0.1 run (grip pitcher terganggu),Inning panjang (rata-rata 6.3 IP): -0.2 run (kurangi eksposur bullpen); WHIP tinggi (1.61): +0.3 run; Inning pendek (rata-rata 4.1 IP): +0.2 run (eksposur bullpen); Kelembaban/Hujan (91% / 20%): +0.1 run (grip pitcher terganggu)
2026-06-27,8:40 PM ET,Los Angeles Dodgers @ San Diego Padres,Yoshinobu Yamamoto,Randy Vásquez,8.5,6.97,UNDER ✅,HIGH 🔥,LOSS,7.0,UNDER ✅,MEDIUM ⚡,LOSS,18,"Inning pendek (rata-rata 4.0 IP): +0.2 run (eksposur bullpen); WHIP rendah (0.87): -0.3 run; Kontrol elit (BB/9 1.67): -0.3 run; Beban kerja tinggi (2 start > 100 pitch): +0.3 run; Inning panjang (rata-rata 7.4 IP): -0.2 run (kurangi eksposur bullpen); Offense lemah (OPS 0.661): -0.3 run; Disiplin tinggi (BB% 10.55): +0.2 run (eksposur baserunner); Home Momentum (NEUTRAL Offense, STRUGGLING Pitcher): +0.30 run; Away Momentum (NEUTRAL Offense, PEAK Pitcher): -0.30 run; Pitcher's Park (PF 94): -0.6 run","Inning pendek (rata-rata 4.0 IP): +0.2 run (eksposur bullpen); WHIP rendah (0.87): -0.3 run; Kontrol elit (BB/9 1.67): -0.3 run; Beban kerja tinggi (2 start > 100 pitch): +0.3 run; Inning panjang (rata-rata 7.4 IP): -0.2 run (kurangi eksposur bullpen); Offense lemah (OPS 0.661): -0.3 run; Disiplin tinggi (BB% 10.55): +0.2 run (eksposur baserunner); Home Momentum (NEUTRAL Offense, STRUGGLING Pitcher): +0.30 run; Away Momentum (NEUTRAL Offense, PEAK Pitcher): -0.30 run; Pitcher's Park (PF 94): -0.6 run"
2026-06-27,9:05 PM ET,Atlanta Braves @ San Francisco Giants,Bryce Elder,Logan Webb,8.5,6.88,UNDER ✅,HIGH 🔥,WIN,6.98,UNDER ✅,HIGH 🔥,WIN,5,"Beban kerja tinggi (2 start > 100 pitch): +0.3 run; Inning panjang (rata-rata 8.0 IP): -0.2 run (kurangi eksposur bullpen); Disiplin rendah (BB% 6.5): -0.2 run; Home Momentum (NEUTRAL Offense, PEAK Pitcher): -0.30 run; Pitcher's Park (PF 93): -0.7 run","Beban kerja tinggi (2 start > 100 pitch): +0.3 run; Inning panjang (rata-rata 8.0 IP): -0.2 run (kurangi eksposur bullpen); Disiplin rendah (BB% 6.5): -0.2 run; Home Momentum (NEUTRAL Offense, PEAK Pitcher): -0.30 run; Pitcher's Park (PF 93): -0.7 run"
2026-06-27,9:38 PM ET,Athletics @ Los Angeles Angels,Jack Perkins,Reid Detmers,8.5,9.71,OVER ✅,MEDIUM ⚡,LOSS,9.68,OVER ✅,MEDIUM ⚡,LOSS,7,"WHIP rendah (1.05): -0.3 run; Inning panjang (rata-rata 6.7 IP): -0.2 run (kurangi eksposur bullpen); Bullpen lemah (ERA 4.66): +0.3 run; Inning pendek (rata-rata 4.7 IP): +0.2 run (eksposur bullpen); Bullpen lemah (ERA 4.92): +0.3 run; Home Momentum (NEUTRAL Offense, PEAK Pitcher): -0.30 run","WHIP rendah (1.05): -0.3 run; Inning panjang (rata-rata 6.7 IP): -0.2 run (kurangi eksposur bullpen); Bullpen lemah (ERA 4.66): +0.3 run; Inning pendek (rata-rata 4.7 IP): +0.2 run (eksposur bullpen); Bullpen lemah (ERA 4.92): +0.3 run; Home Momentum (NEUTRAL Offense, PEAK Pitcher): -0.30 run"
2026-06-28,1:35 PM ET,Cincinnati Reds @ Pittsburgh Pirates,Brady Singer,Mitch Keller,8.5,10.22,OVER ✅,HIGH 🔥,WIN,10.0,OVER ✅,MEDIUM ⚡,WIN,13,WHIP tinggi (1.51): +0.3 run; Bullpen lemah (ERA 4.51): +0.3 run; Kelembaban/Hujan (93% / 34%): +0.1 run (grip pitcher terganggu),WHIP tinggi (1.51): +0.3 run; Bullpen lemah (ERA 4.51): +0.3 run; Kelembaban/Hujan (93% / 34%): +0.1 run (grip pitcher terganggu)
2026-06-28,1:35 PM ET,Washington Nationals @ Baltimore Orioles,Zack Littell,Kyle Bradish,9.5,10.96,OVER ✅,MEDIUM ⚡,WIN,11.02,OVER ✅,HIGH 🔥,WIN,10,"WHIP tinggi (1.45): +0.3 run; Kontrol buruk (BB/9 4.25): +0.3 run; Inning panjang (rata-rata 6.4 IP): -0.2 run (kurangi eksposur bullpen); Inning pendek (rata-rata 3.4 IP): +0.2 run (eksposur bullpen); Bullpen lemah (ERA 4.7): +0.3 run; Away Momentum (NEUTRAL Offense, STRUGGLING Pitcher): +0.30 run; Suhu panas (86.9°F): +0.3 run (udara tipis)","WHIP tinggi (1.45): +0.3 run; Kontrol buruk (BB/9 4.25): +0.3 run; Inning panjang (rata-rata 6.4 IP): -0.2 run (kurangi eksposur bullpen); Inning pendek (rata-rata 3.4 IP): +0.2 run (eksposur bullpen); Bullpen lemah (ERA 4.7): +0.3 run; Away Momentum (NEUTRAL Offense, STRUGGLING Pitcher): +0.30 run; Suhu panas (86.9°F): +0.3 run (udara tipis)"
2026-06-28,1:37 PM ET,Texas Rangers @ Toronto Blue Jays,Kumar Rocker,Shane Bieber,8.5,9.55,OVER ✅,MEDIUM ⚡,LOSS,8.89,NO BET / SKIP ⚠️,LOW ⚠️,SKIP,5,WHIP tinggi (2.45): +0.3 run; Kontrol elit (BB/9 0.0): -0.3 run; Kontrol buruk (BB/9 3.65): +0.3 run; Inning pendek (rata-rata 4.1 IP): +0.2 run (eksposur bullpen),WHIP tinggi (2.45): +0.3 run; Kontrol elit (BB/9 0.0): -0.3 run; Kontrol buruk (BB/9 3.65): +0.3 run; Inning pendek (rata-rata 4.1 IP): +0.2 run (eksposur bullpen)
2026-06-28,1:40 PM ET,Philadelphia Phillies @ New York Mets,Jesús Luzardo,Cionel Pérez,8.5,8.9,NO BET / SKIP ⚠️,LOW ⚠️,SKIP,8.69,NO BET / SKIP ⚠️,LOW ⚠️,SKIP,9,"Kontrol buruk (BB/9 3.52): +0.3 run; Inning pendek (rata-rata 2.0 IP): +0.2 run (eksposur bullpen); Beban kerja tinggi (2 start > 100 pitch): +0.3 run; Offense lemah (OPS 0.673): -0.3 run; Home Momentum (NEUTRAL Offense, PEAK Pitcher): -0.30 run","Kontrol buruk (BB/9 3.52): +0.3 run; Inning pendek (rata-rata 2.0 IP): +0.2 run (eksposur bullpen); Beban kerja tinggi (2 start > 100 pitch): +0.3 run; Offense lemah (OPS 0.673): -0.3 run; Home Momentum (NEUTRAL Offense, PEAK Pitcher): -0.30 run"
2026-06-28,1:40 PM ET,Arizona Diamondbacks @ Tampa Bay Rays,Merrill Kelly,Drew Rasmussen,7.5,8.05,OVER ✅,MEDIUM ⚡,LOSS,8.01,OVER ✅,MEDIUM ⚡,LOSS,6,WHIP rendah (0.88): -0.3 run; Kontrol elit (BB/9 1.57): -0.3 run; Inning panjang (rata-rata 6.7 IP): -0.2 run (kurangi eksposur bullpen); WHIP tinggi (1.52): +0.3 run; Kontrol buruk (BB/9 3.69): +0.3 run; Offense lemah (OPS 0.694): -0.3 run; Atap stadion DITUTUP (dome) — Kondisi udara dikontrol: +0.00 run,WHIP rendah (0.88): -0.3 run; Kontrol elit (BB/9 1.57): -0.3 run; Inning panjang (rata-rata 6.7 IP): -0.2 run (kurangi eksposur bullpen); WHIP tinggi (1.52): +0.3 run; Kontrol buruk (BB/9 3.69): +0.3 run; Offense lemah (OPS 0.694): -0.3 run; Atap stadion DITUTUP (dome) — Kondisi udara dikontrol: +0.00 run
2026-06-28,1:40 PM ET,Seattle Mariners @ Cleveland Guardians,Emerson Hancock,Gavin Williams,7.5,6.8,UNDER ✅,MEDIUM ⚡,LOSS,6.81,UNDER ✅,MEDIUM ⚡,LOSS,11,WHIP rendah (1.02): -0.3 run; Inning pendek (rata-rata 4.7 IP): +0.2 run (eksposur bullpen); Offense lemah (OPS 0.673): -0.3 run; Disiplin tinggi (BB% 10.02): +0.2 run (eksposur baserunner); Offense lemah (OPS 0.694): -0.3 run; Angin INWARD kencang (11.8 mph): -0.37 run,WHIP rendah (1.02): -0.3 run; Inning pendek (rata-rata 4.7 IP): +0.2 run (eksposur bullpen); Offense lemah (OPS 0.673): -0.3 run; Disiplin tinggi (BB% 10.02): +0.2 run (eksposur baserunner); Offense lemah (OPS 0.694): -0.3 run; Angin INWARD kencang (11.8 mph): -0.37 run
2026-06-28,1:40 PM ET,Houston Astros @ Detroit Tigers,Hunter Brown,Jack Flaherty,8.5,9.25,OVER ✅,MEDIUM ⚡,WIN,10.06,OVER ✅,HIGH 🔥,WIN,12,WHIP tinggi (1.57): +0.3 run; Kontrol buruk (BB/9 4.66): +0.3 run; Inning pendek (rata-rata 4.3 IP): +0.2 run (eksposur bullpen); Kontrol buruk (BB/9 5.12): +0.3 run; Inning pendek (rata-rata 4.7 IP): +0.2 run (eksposur bullpen); Bullpen lemah (ERA 4.77): +0.3 run,WHIP tinggi (1.57): +0.3 run; Kontrol buruk (BB/9 4.66): +0.3 run; Inning pendek (rata-rata 4.3 IP): +0.2 run (eksposur bullpen); Kontrol buruk (BB/9 5.12): +0.3 run; Inning pendek (rata-rata 4.7 IP): +0.2 run (eksposur bullpen); Bullpen lemah (ERA 4.77): +0.3 run
2026-06-28,2:10 PM ET,Kansas City Royals @ Chicago White Sox,Luinder Avila,Anthony Kay,8.5,10.84,OVER ✅,HIGH 🔥,WIN,10.82,OVER ✅,HIGH 🔥,WIN,9,"Kontrol buruk (BB/9 3.54): +0.3 run; WHIP tinggi (1.62): +0.3 run; Kontrol buruk (BB/9 5.7): +0.3 run; Inning pendek (rata-rata 3.5 IP): +0.2 run (eksposur bullpen); Bullpen lemah (ERA 4.84): +0.3 run; Away Momentum (NEUTRAL Offense, STRUGGLING Pitcher): +0.30 run","Kontrol buruk (BB/9 3.54): +0.3 run; WHIP tinggi (1.62): +0.3 run; Kontrol buruk (BB/9 5.7): +0.3 run; Inning pendek (rata-rata 3.5 IP): +0.2 run (eksposur bullpen); Bullpen lemah (ERA 4.84): +0.3 run; Away Momentum (NEUTRAL Offense, STRUGGLING Pitcher): +0.30 run"
2026-06-28,2:10 PM ET,Chicago Cubs @ Milwaukee Brewers,Ryan Rolison,Brandon Woodruff,8.5,7.97,UNDER ✅,MEDIUM ⚡,WIN,8.64,NO BET / SKIP ⚠️,LOW ⚠️,SKIP,7,WHIP rendah (0.89): -0.3 run; Kontrol elit (BB/9 1.75): -0.3 run; Inning pendek (rata-rata 4.0 IP): +0.2 run (eksposur bullpen); Kontrol buruk (BB/9 3.94): +0.3 run; Inning pendek (rata-rata 0.7 IP): +0.2 run (eksposur bullpen); Disiplin tinggi (BB% 10.76): +0.2 run (eksposur baserunner); Disiplin tinggi (BB% 11.21): +0.2 run (eksposur baserunner),WHIP rendah (0.89): -0.3 run; Kontrol elit (BB/9 1.75): -0.3 run; Inning pendek (rata-rata 4.0 IP): +0.2 run (eksposur bullpen); Kontrol buruk (BB/9 3.94): +0.3 run; Inning pendek (rata-rata 0.7 IP): +0.2 run (eksposur bullpen); Disiplin tinggi (BB% 10.76): +0.2 run (eksposur baserunner); Disiplin tinggi (BB% 11.21): +0.2 run (eksposur baserunner)
2026-06-28,2:10 PM ET,Colorado Rockies @ Minnesota Twins,Ryan Feltner,Connor Prielipp,9.5,11.93,OVER ✅,HIGH 🔥,LOSS,12.04,OVER ✅,HIGH 🔥,LOSS,5,"WHIP tinggi (1.42): +0.3 run; Kontrol buruk (BB/9 3.72): +0.3 run; Bullpen lemah (ERA 4.89): +0.3 run; Kontrol buruk (BB/9 3.83): +0.3 run; Inning pendek (rata-rata 4.8 IP): +0.2 run (eksposur bullpen); Bullpen lemah (ERA 5.51): +0.3 run; Efisien RISP (0.291): +0.2 run; Away Momentum (NEUTRAL Offense, STRUGGLING Pitcher): +0.30 run","WHIP tinggi (1.42): +0.3 run; Kontrol buruk (BB/9 3.72): +0.3 run; Bullpen lemah (ERA 4.89): +0.3 run; Kontrol buruk (BB/9 3.83): +0.3 run; Inning pendek (rata-rata 4.8 IP): +0.2 run (eksposur bullpen); Bullpen lemah (ERA 5.51): +0.3 run; Efisien RISP (0.291): +0.2 run; Away Momentum (NEUTRAL Offense, STRUGGLING Pitcher): +0.30 run"
2026-06-28,2:15 PM ET,Miami Marlins @ St. Louis Cardinals,Tyler Phillips,Kyle Leahy,9.5,8.63,UNDER ✅,MEDIUM ⚡,WIN,8.74,UNDER ✅,MEDIUM ⚡,WIN,3,WHIP tinggi (1.51): +0.3 run; Kontrol buruk (BB/9 4.63): +0.3 run; Angin INWARD kencang (11.1 mph): -0.34 run; Suhu panas (93.1°F): +0.3 run (udara tipis),WHIP tinggi (1.51): +0.3 run; Kontrol buruk (BB/9 4.63): +0.3 run; Angin INWARD kencang (11.1 mph): -0.34 run; Suhu panas (93.1°F): +0.3 run (udara tipis)
2026-06-28,3:15 PM ET,Athletics @ Los Angeles Angels,Aaron Civale,Sam Aldegheri,9.5,12.28,OVER ✅,HIGH 🔥,LOSS,12.03,OVER ✅,HIGH 🔥,LOSS,5,"WHIP tinggi (1.5): +0.3 run; Kontrol buruk (BB/9 4.38): +0.3 run; Inning pendek (rata-rata 4.1 IP): +0.2 run (eksposur bullpen); Bullpen lemah (ERA 4.63): +0.3 run; WHIP tinggi (1.58): +0.3 run; Inning pendek (rata-rata 3.7 IP): +0.2 run (eksposur bullpen); Bullpen lemah (ERA 4.93): +0.3 run; Home Momentum (NEUTRAL Offense, STRUGGLING Pitcher): +0.30 run; Away Momentum (NEUTRAL Offense, STRUGGLING Pitcher): +0.30 run","WHIP tinggi (1.5): +0.3 run; Kontrol buruk (BB/9 4.38): +0.3 run; Inning pendek (rata-rata 4.1 IP): +0.2 run (eksposur bullpen); Bullpen lemah (ERA 4.63): +0.3 run; WHIP tinggi (1.58): +0.3 run; Inning pendek (rata-rata 3.7 IP): +0.2 run (eksposur bullpen); Bullpen lemah (ERA 4.93): +0.3 run; Home Momentum (NEUTRAL Offense, STRUGGLING Pitcher): +0.30 run; Away Momentum (NEUTRAL Offense, STRUGGLING Pitcher): +0.30 run"
2026-06-28,4:05 PM ET,Atlanta Braves @ San Francisco Giants,Chris Sale,Robbie Ray,7.5,6.85,UNDER ✅,MEDIUM ⚡,WIN,7.18,NO BET / SKIP ⚠️,LOW ⚠️,SKIP,5,"Kontrol buruk (BB/9 4.31): +0.3 run; Inning panjang (rata-rata 6.4 IP): -0.2 run (kurangi eksposur bullpen); WHIP rendah (1.05): -0.3 run; Beban kerja tinggi (2 start > 100 pitch): +0.3 run; Disiplin rendah (BB% 6.47): -0.2 run; Away Momentum (NEUTRAL Offense, STRUGGLING Pitcher): +0.30 run; Pitcher's Park (PF 93): -0.7 run","Kontrol buruk (BB/9 4.31): +0.3 run; Inning panjang (rata-rata 6.4 IP): -0.2 run (kurangi eksposur bullpen); WHIP rendah (1.05): -0.3 run; Beban kerja tinggi (2 start > 100 pitch): +0.3 run; Disiplin rendah (BB% 6.47): -0.2 run; Away Momentum (NEUTRAL Offense, STRUGGLING Pitcher): +0.30 run; Pitcher's Park (PF 93): -0.7 run"
2026-06-28,4:10 PM ET,Los Angeles Dodgers @ San Diego Padres,Emmet Sheehan,Michael King,8.5,8.74,NO BET / SKIP ⚠️,LOW ⚠️,SKIP,8.41,NO BET / SKIP ⚠️,LOW ⚠️,SKIP,6,"Inning pendek (rata-rata 3.1 IP): +0.2 run (eksposur bullpen); Offense lemah (OPS 0.663): -0.3 run; Disiplin tinggi (BB% 10.54): +0.2 run (eksposur baserunner); Away Momentum (NEUTRAL Offense, STRUGGLING Pitcher): +0.30 run; Pitcher's Park (PF 94): -0.6 run","Inning pendek (rata-rata 3.1 IP): +0.2 run (eksposur bullpen); Offense lemah (OPS 0.663): -0.3 run; Disiplin tinggi (BB% 10.54): +0.2 run (eksposur baserunner); Away Momentum (NEUTRAL Offense, STRUGGLING Pitcher): +0.30 run; Pitcher's Park (PF 94): -0.6 run"
2026-06-28,7:20 PM ET,New York Yankees @ Boston Red Sox,Carlos Rodón,Sonny Gray,8.5,8.79,NO BET / SKIP ⚠️,LOW ⚠️,SKIP,8.87,NO BET / SKIP ⚠️,LOW ⚠️,SKIP,9,"Inning panjang (rata-rata 6.7 IP): -0.2 run (kurangi eksposur bullpen); Kontrol buruk (BB/9 4.79): +0.3 run; Disiplin tinggi (BB% 10.79): +0.2 run (eksposur baserunner); Home Momentum (NEUTRAL Offense, PEAK Pitcher): -0.30 run; Kelembaban/Hujan (86% / 1%): +0.1 run (grip pitcher terganggu); Hitter's Park (PF 109): +0.9 run","Inning panjang (rata-rata 6.7 IP): -0.2 run (kurangi eksposur bullpen); Kontrol buruk (BB/9 4.79): +0.3 run; Disiplin tinggi (BB% 10.79): +0.2 run (eksposur baserunner); Home Momentum (NEUTRAL Offense, PEAK Pitcher): -0.30 run; Kelembaban/Hujan (86% / 1%): +0.1 run (grip pitcher terganggu); Hitter's Park (PF 109): +0.9 run"
2026-06-29,6:35 PM ET,Chicago White Sox @ Baltimore Orioles,Sean Burke,Shane Baz,8.5,8.71,NO BET / SKIP ⚠️,LOW ⚠️,SKIP,8.78,NO BET / SKIP ⚠️,LOW ⚠️,SKIP,10,,
2026-06-29,6:40 PM ET,Pittsburgh Pirates @ Philadelphia Phillies,Braxton Ashcraft,Aaron Nola,8.5,9.97,OVER ✅,MEDIUM ⚡,WIN,9.82,OVER ✅,MEDIUM ⚡,WIN,18,WHIP tinggi (1.45): +0.3 run; Inning pendek (rata-rata 4.7 IP): +0.2 run (eksposur bullpen); WHIP rendah (1.09): -0.3 run; Hitter's Park (PF 107): +0.7 run,WHIP tinggi (1.45): +0.3 run; Inning pendek (rata-rata 4.7 IP): +0.2 run (eksposur bullpen); WHIP rendah (1.09): -0.3 run; Hitter's Park (PF 107): +0.7 run
2026-06-29,7:05 PM ET,Detroit Tigers @ New York Yankees,Casey Mize,Ryan Weathers,8.5,8.06,NO BET / SKIP ⚠️,LOW ⚠️,SKIP,8.13,NO BET / SKIP ⚠️,LOW ⚠️,SKIP,10,WHIP rendah (1.07): -0.3 run; Inning pendek (rata-rata 4.5 IP): +0.2 run (eksposur bullpen); Disiplin tinggi (BB% 10.72): +0.2 run (eksposur baserunner),WHIP rendah (1.07): -0.3 run; Inning pendek (rata-rata 4.5 IP): +0.2 run (eksposur bullpen); Disiplin tinggi (BB% 10.72): +0.2 run (eksposur baserunner)
2026-06-29,7:07 PM ET,New York Mets @ Toronto Blue Jays,Sean Manaea,Trey Yesavage,8.5,8.77,NO BET / SKIP ⚠️,LOW ⚠️,SKIP,8.81,NO BET / SKIP ⚠️,LOW ⚠️,SKIP,3,Kontrol buruk (BB/9 4.45): +0.3 run; WHIP tinggi (1.41): +0.3 run; Inning pendek (rata-rata 4.7 IP): +0.2 run (eksposur bullpen); Offense lemah (OPS 0.675): -0.3 run,Kontrol buruk (BB/9 4.45): +0.3 run; WHIP tinggi (1.41): +0.3 run; Inning pendek (rata-rata 4.7 IP): +0.2 run (eksposur bullpen); Offense lemah (OPS 0.675): -0.3 run
2026-06-29,7:10 PM ET,Texas Rangers @ Cleveland Guardians,Tyler Alexander,Parker Messick,8.5,6.14,UNDER ✅,HIGH 🔥,LOSS,6.58,UNDER ✅,HIGH 🔥,LOSS,9,"WHIP rendah (1.05): -0.3 run; Inning pendek (rata-rata 1.0 IP): +0.2 run (eksposur bullpen); Offense lemah (OPS 0.676): -0.3 run; Disiplin tinggi (BB% 10.08): +0.2 run (eksposur baserunner); Away Momentum (NEUTRAL Offense, PEAK Pitcher): -0.30 run","WHIP rendah (1.05): -0.3 run; Inning pendek (rata-rata 1.0 IP): +0.2 run (eksposur bullpen); Offense lemah (OPS 0.676): -0.3 run; Disiplin tinggi (BB% 10.08): +0.2 run (eksposur baserunner); Away Momentum (NEUTRAL Offense, PEAK Pitcher): -0.30 run"
2026-06-29,7:10 PM ET,Washington Nationals @ Boston Red Sox,Miles Mikolas,Ranger Suarez,8.5,9.28,OVER ✅,MEDIUM ⚡,WIN,9.39,OVER ✅,MEDIUM ⚡,WIN,9,Kontrol elit (BB/9 1.98): -0.3 run; Bullpen lemah (ERA 4.69): +0.3 run; Offense lemah (OPS 0.697): -0.3 run; Hitter's Park (PF 109): +0.9 run,Kontrol elit (BB/9 1.98): -0.3 run; Bullpen lemah (ERA 4.69): +0.3 run; Offense lemah (OPS 0.697): -0.3 run; Hitter's Park (PF 109): +0.9 run
2026-06-29,7:40 PM ET,Cincinnati Reds @ Milwaukee Brewers,Nick Lodolo,Robert Gasser,8.5,11.26,OVER ✅,HIGH 🔥,LOSS,10.8,OVER ✅,HIGH 🔥,LOSS,8,"Kontrol buruk (BB/9 3.6): +0.3 run; WHIP tinggi (1.52): +0.3 run; Inning pendek (rata-rata 4.4 IP): +0.2 run (eksposur bullpen); Bullpen lemah (ERA 4.57): +0.3 run; Disiplin tinggi (BB% 10.74): +0.2 run (eksposur baserunner); Offense lemah (OPS 0.699): -0.3 run; Disiplin tinggi (BB% 10.01): +0.2 run (eksposur baserunner); Away Momentum (NEUTRAL Offense, STRUGGLING Pitcher): +0.30 run; Atap stadion DITUTUP (retractable) — Kondisi udara dikontrol: +0.00 run","Kontrol buruk (BB/9 3.6): +0.3 run; WHIP tinggi (1.52): +0.3 run; Inning pendek (rata-rata 4.4 IP): +0.2 run (eksposur bullpen); Bullpen lemah (ERA 4.57): +0.3 run; Disiplin tinggi (BB% 10.74): +0.2 run (eksposur baserunner); Offense lemah (OPS 0.699): -0.3 run; Disiplin tinggi (BB% 10.01): +0.2 run (eksposur baserunner); Away Momentum (NEUTRAL Offense, STRUGGLING Pitcher): +0.30 run; Atap stadion DITUTUP (retractable) — Kondisi udara dikontrol: +0.00 run"
2026-06-29,8:05 PM ET,San Diego Padres @ Chicago Cubs,Unknown,Shota Imanaga,11.5,8.47,UNDER ✅,HIGH 🔥,WIN,8.44,UNDER ✅,HIGH 🔥,WIN,5,"WHIP rendah (1.05): -0.3 run; Data pitcher tidak tersedia, menggunakan baseline.; Disiplin tinggi (BB% 11.25): +0.2 run (eksposur baserunner); Offense lemah (OPS 0.662): -0.3 run","WHIP rendah (1.05): -0.3 run; Data pitcher tidak tersedia, menggunakan baseline.; Disiplin tinggi (BB% 11.25): +0.2 run (eksposur baserunner); Offense lemah (OPS 0.662): -0.3 run"
2026-06-29,8:10 PM ET,Minnesota Twins @ Houston Astros,Zebby Matthews,Peter Lambert,8.5,9.49,OVER ✅,MEDIUM ⚡,WIN,9.81,OVER ✅,MEDIUM ⚡,WIN,9,Kontrol buruk (BB/9 3.67): +0.3 run; Bullpen lemah (ERA 4.74): +0.3 run; Inning panjang (rata-rata 6.3 IP): -0.2 run (kurangi eksposur bullpen); Bullpen lemah (ERA 4.86): +0.3 run; Efisien RISP (0.29): +0.2 run; Data cuaca tidak tersedia.,Kontrol buruk (BB/9 3.67): +0.3 run; Bullpen lemah (ERA 4.74): +0.3 run; Inning panjang (rata-rata 6.3 IP): -0.2 run (kurangi eksposur bullpen); Bullpen lemah (ERA 4.86): +0.3 run; Efisien RISP (0.29): +0.2 run; Data cuaca tidak tersedia.
2026-06-29,8:40 PM ET,Miami Marlins @ Colorado Rockies,Sandy Alcantara,Unknown,11.5,10.4,UNDER ✅,MEDIUM ⚡,LOSS,10.39,UNDER ✅,MEDIUM ⚡,LOSS,17,"Data pitcher tidak tersedia, menggunakan baseline.; Bullpen lemah (ERA 5.47): +0.3 run; Beban kerja tinggi (2 start > 100 pitch): +0.3 run; Inning panjang (rata-rata 6.7 IP): -0.2 run (kurangi eksposur bullpen); Hitter's Park (PF 113): +1.3 run","Data pitcher tidak tersedia, menggunakan baseline.; Bullpen lemah (ERA 5.47): +0.3 run; Beban kerja tinggi (2 start > 100 pitch): +0.3 run; Inning panjang (rata-rata 6.7 IP): -0.2 run (kurangi eksposur bullpen); Hitter's Park (PF 113): +1.3 run"
2026-06-29,9:40 PM ET,San Francisco Giants @ Arizona Diamondbacks,Tyler Mahle,Eduardo Rodriguez,8.5,8.42,NO BET / SKIP ⚠️,LOW ⚠️,SKIP,8.52,NO BET / SKIP ⚠️,LOW ⚠️,SKIP,9,Kontrol buruk (BB/9 3.6): +0.3 run; WHIP tinggi (1.46): +0.3 run; Kontrol buruk (BB/9 3.75): +0.3 run; Offense lemah (OPS 0.692): -0.3 run; Disiplin rendah (BB% 6.46): -0.2 run,Kontrol buruk (BB/9 3.6): +0.3 run; WHIP tinggi (1.46): +0.3 run; Kontrol buruk (BB/9 3.75): +0.3 run; Offense lemah (OPS 0.692): -0.3 run; Disiplin rendah (BB% 6.46): -0.2 run
2026-06-29,9:40 PM ET,Los Angeles Dodgers @ Athletics,Eric Lauer,Gage Jump,10.5,8.59,UNDER ✅,HIGH 🔥,LOSS,8.99,UNDER ✅,HIGH 🔥,LOSS,13,WHIP rendah (0.96): -0.3 run; Bullpen lemah (ERA 4.93): +0.3 run; Disiplin tinggi (BB% 10.54): +0.2 run (eksposur baserunner); Data cuaca tidak tersedia.,WHIP rendah (0.96): -0.3 run; Bullpen lemah (ERA 4.93): +0.3 run; Disiplin tinggi (BB% 10.54): +0.2 run (eksposur baserunner); Data cuaca tidak tersedia.
2026-06-29,9:40 PM ET,Los Angeles Angels @ Seattle Mariners,Ryan Johnson,George Kirby,8.5,10.57,OVER ✅,HIGH 🔥,LOSS,9.12,OVER ✅,MEDIUM ⚡,LOSS,8,WHIP tinggi (1.71): +0.3 run; Kontrol buruk (BB/9 4.19): +0.3 run; Inning pendek (rata-rata 4.3 IP): +0.2 run (eksposur bullpen); Bullpen lemah (ERA 4.59): +0.3 run; Offense lemah (OPS 0.695): -0.3 run; Atap stadion DITUTUP (retractable) — Kondisi udara dikontrol: +0.00 run; Pitcher's Park (PF 91): -0.9 run,WHIP tinggi (1.71): +0.3 run; Kontrol buruk (BB/9 4.19): +0.3 run; Inning pendek (rata-rata 4.3 IP): +0.2 run (eksposur bullpen); Bullpen lemah (ERA 4.59): +0.3 run; Offense lemah (OPS 0.695): -0.3 run; Atap stadion DITUTUP (retractable) — Kondisi udara dikontrol: +0.00 run; Pitcher's Park (PF 91): -0.9 run
2026-06-30,6:35 PM ET,Chicago White Sox @ Baltimore Orioles,Erick Fedde,Trey Gibson,10.5,11.89,OVER ✅,MEDIUM ⚡,WIN,11.52,OVER ✅,MEDIUM ⚡,WIN,12,"WHIP tinggi (1.65): +0.3 run; Kontrol buruk (BB/9 5.64): +0.3 run; Inning pendek (rata-rata 4.4 IP): +0.2 run (eksposur bullpen); WHIP tinggi (1.42): +0.3 run; Kontrol buruk (BB/9 3.62): +0.3 run; Inning pendek (rata-rata 3.5 IP): +0.2 run (eksposur bullpen); Home Momentum (NEUTRAL Offense, STRUGGLING Pitcher): +0.30 run; Away Momentum (NEUTRAL Offense, STRUGGLING Pitcher): +0.30 run","WHIP tinggi (1.65): +0.3 run; Kontrol buruk (BB/9 5.64): +0.3 run; Inning pendek (rata-rata 4.4 IP): +0.2 run (eksposur bullpen); WHIP tinggi (1.42): +0.3 run; Kontrol buruk (BB/9 3.62): +0.3 run; Inning pendek (rata-rata 3.5 IP): +0.2 run (eksposur bullpen); Home Momentum (NEUTRAL Offense, STRUGGLING Pitcher): +0.30 run; Away Momentum (NEUTRAL Offense, STRUGGLING Pitcher): +0.30 run"
2026-06-30,6:40 PM ET,Pittsburgh Pirates @ Philadelphia Phillies,Bubba Chandler,Cristopher Sánchez,8.5,8.77,NO BET / SKIP ⚠️,LOW ⚠️,SKIP,9.0,OVER ✅,MEDIUM ⚡,LOSS,8,Kontrol elit (BB/9 1.72): -0.3 run; Kontrol buruk (BB/9 5.22): +0.3 run; Hitter's Park (PF 107): +0.7 run,Kontrol elit (BB/9 1.72): -0.3 run; Kontrol buruk (BB/9 5.22): +0.3 run; Hitter's Park (PF 107): +0.7 run
2026-06-30,6:40 PM ET,Texas Rangers @ Cleveland Guardians,Unknown,Unknown,8.5,7.37,UNDER ✅,MEDIUM ⚡,WIN,7.45,UNDER ✅,MEDIUM ⚡,WIN,6,WHIP rendah (1.03): -0.3 run; Offense lemah (OPS 0.676): -0.3 run; Suhu panas (86.4°F): +0.3 run (udara tipis),WHIP rendah (1.03): -0.3 run; Offense lemah (OPS 0.676): -0.3 run; Suhu panas (86.4°F): +0.3 run (udara tipis)
2026-06-30,7:05 PM ET,Detroit Tigers @ New York Yankees,Unknown,Unknown,7.5,5.99,UNDER ✅,HIGH 🔥,LOSS,6.36,UNDER ✅,MEDIUM ⚡,LOSS,12,WHIP rendah (0.92): -0.3 run; Kontrol elit (BB/9 1.8): -0.3 run; WHIP rendah (0.99): -0.3 run; Kontrol elit (BB/9 1.21): -0.3 run; Disiplin tinggi (BB% 10.65): +0.2 run (eksposur baserunner),WHIP rendah (0.92): -0.3 run; Kontrol elit (BB/9 1.8): -0.3 run; WHIP rendah (0.99): -0.3 run; Kontrol elit (BB/9 1.21): -0.3 run; Disiplin tinggi (BB% 10.65): +0.2 run (eksposur baserunner)
2026-06-30,7:07 PM ET,New York Mets @ Toronto Blue Jays,Nolan McLean,Kevin Gausman,8.5,8.02,NO BET / SKIP ⚠️,LOW ⚠️,SKIP,8.0,UNDER ✅,MEDIUM ⚡,WIN,3,Beban kerja tinggi (2 start > 100 pitch): +0.3 run; Offense lemah (OPS 0.699): -0.3 run; Offense lemah (OPS 0.673): -0.3 run; Kelembaban/Hujan (87% / 0%): +0.1 run (grip pitcher terganggu),Beban kerja tinggi (2 start > 100 pitch): +0.3 run; Offense lemah (OPS 0.699): -0.3 run; Offense lemah (OPS 0.673): -0.3 run; Kelembaban/Hujan (87% / 0%): +0.1 run (grip pitcher terganggu)
2026-06-30,7:10 PM ET,Washington Nationals @ Boston Red Sox,Cade Cavalli,Connelly Early,9.5,9.83,NO BET / SKIP ⚠️,LOW ⚠️,SKIP,10.02,OVER ✅,MEDIUM ⚡,LOSS,9,WHIP tinggi (1.43): +0.3 run; Inning pendek (rata-rata 4.4 IP): +0.2 run (eksposur bullpen); Bullpen lemah (ERA 4.71): +0.3 run; Offense lemah (OPS 0.698): -0.3 run; Hitter's Park (PF 109): +0.9 run,WHIP tinggi (1.43): +0.3 run; Inning pendek (rata-rata 4.4 IP): +0.2 run (eksposur bullpen); Bullpen lemah (ERA 4.71): +0.3 run; Offense lemah (OPS 0.698): -0.3 run; Hitter's Park (PF 109): +0.9 run
2026-06-30,7:15 PM ET,St. Louis Cardinals @ Atlanta Braves,Matthew Liberatore,Martín Pérez,9.5,9.99,NO BET / SKIP ⚠️,LOW ⚠️,SKIP,9.76,NO BET / SKIP ⚠️,LOW ⚠️,SKIP,8,"WHIP tinggi (1.58): +0.3 run; Inning pendek (rata-rata 3.5 IP): +0.2 run (eksposur bullpen); Away Momentum (NEUTRAL Offense, STRUGGLING Pitcher): +0.30 run; Suhu panas (86.0°F): +0.3 run (udara tipis)","WHIP tinggi (1.58): +0.3 run; Inning pendek (rata-rata 3.5 IP): +0.2 run (eksposur bullpen); Away Momentum (NEUTRAL Offense, STRUGGLING Pitcher): +0.30 run; Suhu panas (86.0°F): +0.3 run (udara tipis)"
2026-06-30,7:40 PM ET,Cincinnati Reds @ Milwaukee Brewers,Rhett Lowder,Brandon Sproat,8.5,10.92,OVER ✅,HIGH 🔥,WIN,10.46,OVER ✅,HIGH 🔥,WIN,9,Kontrol buruk (BB/9 4.13): +0.3 run; WHIP tinggi (1.47): +0.3 run; Kontrol buruk (BB/9 4.5): +0.3 run; Bullpen lemah (ERA 4.59): +0.3 run; Disiplin tinggi (BB% 10.81): +0.2 run (eksposur baserunner); Offense lemah (OPS 0.699): -0.3 run; Atap stadion DITUTUP (retractable) — Kondisi udara dikontrol: +0.00 run,Kontrol buruk (BB/9 4.13): +0.3 run; WHIP tinggi (1.47): +0.3 run; Kontrol buruk (BB/9 4.5): +0.3 run; Bullpen lemah (ERA 4.59): +0.3 run; Disiplin tinggi (BB% 10.81): +0.2 run (eksposur baserunner); Offense lemah (OPS 0.699): -0.3 run; Atap stadion DITUTUP (retractable) — Kondisi udara dikontrol: +0.00 run
2026-06-30,7:40 PM ET,Tampa Bay Rays @ Kansas City Royals,Unknown,Unknown,9.5,10.39,OVER ✅,MEDIUM ⚡,WIN,10.55,OVER ✅,MEDIUM ⚡,WIN,14,"Beban kerja tinggi (2 start > 100 pitch): +0.3 run; Inning pendek (rata-rata 4.7 IP): +0.2 run (eksposur bullpen); Bullpen lemah (ERA 4.83): +0.3 run; Home Momentum (NEUTRAL Offense, STRUGGLING Pitcher): +0.30 run; Angin OUTWARD kencang (12.8 mph): +0.41 run; Hitter's Park (PF 106): +0.6 run","Beban kerja tinggi (2 start > 100 pitch): +0.3 run; Inning pendek (rata-rata 4.7 IP): +0.2 run (eksposur bullpen); Bullpen lemah (ERA 4.83): +0.3 run; Home Momentum (NEUTRAL Offense, STRUGGLING Pitcher): +0.30 run; Angin OUTWARD kencang (12.8 mph): +0.41 run; Hitter's Park (PF 106): +0.6 run"
2026-06-30,8:05 PM ET,San Diego Padres @ Chicago Cubs,JP Sears,Matthew Boyd,11.5,9.0,UNDER ✅,HIGH 🔥,LOSS,8.83,UNDER ✅,HIGH 🔥,LOSS,16,Inning pendek (rata-rata 4.7 IP): +0.2 run (eksposur bullpen); Disiplin tinggi (BB% 11.23): +0.2 run (eksposur baserunner); Offense lemah (OPS 0.663): -0.3 run,Inning pendek (rata-rata 4.7 IP): +0.2 run (eksposur bullpen); Disiplin tinggi (BB% 11.23): +0.2 run (eksposur baserunner); Offense lemah (OPS 0.663): -0.3 run
2026-06-30,8:10 PM ET,Minnesota Twins @ Houston Astros,Joe Ryan,Mike Burrows,8.5,9.7,OVER ✅,MEDIUM ⚡,WIN,9.89,OVER ✅,MEDIUM ⚡,WIN,10,WHIP tinggi (1.5): +0.3 run; Inning pendek (rata-rata 4.0 IP): +0.2 run (eksposur bullpen); Bullpen lemah (ERA 4.74): +0.3 run; WHIP rendah (1.03): -0.3 run; Kontrol elit (BB/9 1.83): -0.3 run; Bullpen lemah (ERA 4.85): +0.3 run; Efisien RISP (0.288): +0.2 run; Data cuaca tidak tersedia.,WHIP tinggi (1.5): +0.3 run; Inning pendek (rata-rata 4.0 IP): +0.2 run (eksposur bullpen); Bullpen lemah (ERA 4.74): +0.3 run; WHIP rendah (1.03): -0.3 run; Kontrol elit (BB/9 1.83): -0.3 run; Bullpen lemah (ERA 4.85): +0.3 run; Efisien RISP (0.288): +0.2 run; Data cuaca tidak tersedia.
2026-06-30,8:40 PM ET,Miami Marlins @ Colorado Rockies,Eury Pérez,Tanner Gordon,11.5,12.48,OVER ✅,MEDIUM ⚡,WIN,12.21,OVER ✅,MEDIUM ⚡,WIN,17,WHIP tinggi (1.56): +0.3 run; Inning pendek (rata-rata 4.7 IP): +0.2 run (eksposur bullpen); Bullpen lemah (ERA 5.53): +0.3 run; Kontrol buruk (BB/9 3.74): +0.3 run; Inning pendek (rata-rata 4.8 IP): +0.2 run (eksposur bullpen); Hitter's Park (PF 113): +1.3 run,WHIP tinggi (1.56): +0.3 run; Inning pendek (rata-rata 4.7 IP): +0.2 run (eksposur bullpen); Bullpen lemah (ERA 5.53): +0.3 run; Kontrol buruk (BB/9 3.74): +0.3 run; Inning pendek (rata-rata 4.8 IP): +0.2 run (eksposur bullpen); Hitter's Park (PF 113): +1.3 run
2026-06-30,9:40 PM ET,Los Angeles Angels @ Seattle Mariners,José Soriano,Bryan Woo,7.5,7.37,NO BET / SKIP ⚠️,LOW ⚠️,SKIP,7.51,NO BET / SKIP ⚠️,LOW ⚠️,SKIP,11,"WHIP rendah (1.04): -0.3 run; Kontrol elit (BB/9 1.74): -0.3 run; Kontrol buruk (BB/9 4.55): +0.3 run; Inning pendek (rata-rata 4.3 IP): +0.2 run (eksposur bullpen); Bullpen lemah (ERA 4.58): +0.3 run; Offense lemah (OPS 0.696): -0.3 run; Away Momentum (NEUTRAL Offense, STRUGGLING Pitcher): +0.30 run; Atap stadion DITUTUP (retractable) — Kondisi udara dikontrol: +0.00 run; Pitcher's Park (PF 91): -0.9 run","WHIP rendah (1.04): -0.3 run; Kontrol elit (BB/9 1.74): -0.3 run; Kontrol buruk (BB/9 4.55): +0.3 run; Inning pendek (rata-rata 4.3 IP): +0.2 run (eksposur bullpen); Bullpen lemah (ERA 4.58): +0.3 run; Offense lemah (OPS 0.696): -0.3 run; Away Momentum (NEUTRAL Offense, STRUGGLING Pitcher): +0.30 run; Atap stadion DITUTUP (retractable) — Kondisi udara dikontrol: +0.00 run; Pitcher's Park (PF 91): -0.9 run"
2026-06-30,9:40 PM ET,Los Angeles Dodgers @ Athletics,Unknown,Unknown,10.5,9.17,UNDER ✅,MEDIUM ⚡,LOSS,9.15,UNDER ✅,MEDIUM ⚡,LOSS,12,"Inning pendek (rata-rata 4.1 IP): +0.2 run (eksposur bullpen); Bullpen lemah (ERA 4.97): +0.3 run; WHIP rendah (1.01): -0.3 run; Kontrol elit (BB/9 1.88): -0.3 run; Disiplin tinggi (BB% 10.46): +0.2 run (eksposur baserunner); Home Momentum (NEUTRAL Offense, STRUGGLING Pitcher): +0.30 run; Away Momentum (NEUTRAL Offense, PEAK Pitcher): -0.30 run; Data cuaca tidak tersedia.","Inning pendek (rata-rata 4.1 IP): +0.2 run (eksposur bullpen); Bullpen lemah (ERA 4.97): +0.3 run; WHIP rendah (1.01): -0.3 run; Kontrol elit (BB/9 1.88): -0.3 run; Disiplin tinggi (BB% 10.46): +0.2 run (eksposur baserunner); Home Momentum (NEUTRAL Offense, STRUGGLING Pitcher): +0.30 run; Away Momentum (NEUTRAL Offense, PEAK Pitcher): -0.30 run; Data cuaca tidak tersedia."
2026-06-30,9:40 PM ET,San Francisco Giants @ Arizona Diamondbacks,Unknown,Unknown,9.5,10.34,OVER ✅,MEDIUM ⚡,WIN,10.18,OVER ✅,MEDIUM ⚡,WIN,10,"WHIP tinggi (1.5): +0.3 run; Kontrol buruk (BB/9 4.03): +0.3 run; Inning pendek (rata-rata 1.1 IP): +0.2 run (eksposur bullpen); Kontrol buruk (BB/9 3.54): +0.3 run; Offense lemah (OPS 0.694): -0.3 run; Disiplin rendah (BB% 6.41): -0.2 run; Home Momentum (NEUTRAL Offense, STRUGGLING Pitcher): +0.30 run; Away Momentum (NEUTRAL Offense, STRUGGLING Pitcher): +0.30 run","WHIP tinggi (1.5): +0.3 run; Kontrol buruk (BB/9 4.03): +0.3 run; Inning pendek (rata-rata 1.1 IP): +0.2 run (eksposur bullpen); Kontrol buruk (BB/9 3.54): +0.3 run; Offense lemah (OPS 0.694): -0.3 run; Disiplin rendah (BB% 6.41): -0.2 run; Home Momentum (NEUTRAL Offense, STRUGGLING Pitcher): +0.30 run; Away Momentum (NEUTRAL Offense, STRUGGLING Pitcher): +0.30 run"
2026-07-01,12:35 PM ET,Chicago White Sox @ Baltimore Orioles,Unknown,Unknown,10.5,9.72,UNDER ✅,MEDIUM ⚡,WIN,9.52,UNDER ✅,MEDIUM ⚡,WIN,7,WHIP rendah (0.91): -0.3 run; Kontrol elit (BB/9 1.64): -0.3 run; Kontrol buruk (BB/9 5.12): +0.3 run; Suhu panas (102.1°F): +0.3 run (udara tipis),WHIP rendah (0.91): -0.3 run; Kontrol elit (BB/9 1.64): -0.3 run; Kontrol buruk (BB/9 5.12): +0.3 run; Suhu panas (102.1°F): +0.3 run (udara tipis)
2026-07-01,1:10 PM ET,Texas Rangers @ Cleveland Guardians,MacKenzie Gore,Joey Cantillo,8.5,8.15,NO BET / SKIP ⚠️,LOW ⚠️,SKIP,8.11,NO BET / SKIP ⚠️,LOW ⚠️,SKIP,13,Kontrol buruk (BB/9 4.08): +0.3 run; Inning panjang (rata-rata 6.3 IP): -0.2 run (kurangi eksposur bullpen); Kontrol buruk (BB/9 3.76): +0.3 run; Inning panjang (rata-rata 6.7 IP): -0.2 run (kurangi eksposur bullpen); Offense lemah (OPS 0.673): -0.3 run; Suhu panas (94.3°F): +0.3 run (udara tipis),Kontrol buruk (BB/9 4.08): +0.3 run; Inning panjang (rata-rata 6.3 IP): -0.2 run (kurangi eksposur bullpen); Kontrol buruk (BB/9 3.76): +0.3 run; Inning panjang (rata-rata 6.7 IP): -0.2 run (kurangi eksposur bullpen); Offense lemah (OPS 0.673): -0.3 run; Suhu panas (94.3°F): +0.3 run (udara tipis)
2026-07-01,1:35 PM ET,Detroit Tigers @ New York Yankees,Troy Melton,Will Warren,9.5,7.92,UNDER ✅,HIGH 🔥,WIN,8.09,UNDER ✅,MEDIUM ⚡,WIN,8,"Inning pendek (rata-rata 4.8 IP): +0.2 run (eksposur bullpen); WHIP rendah (0.85): -0.3 run; Data offense tidak tersedia.; Home Momentum (NEUTRAL Offense, STRUGGLING Pitcher): +0.30 run; Suhu panas (91.8°F): +0.3 run (udara tipis)","Inning pendek (rata-rata 4.8 IP): +0.2 run (eksposur bullpen); WHIP rendah (0.85): -0.3 run; Data offense tidak tersedia.; Home Momentum (NEUTRAL Offense, STRUGGLING Pitcher): +0.30 run; Suhu panas (91.8°F): +0.3 run (udara tipis)"
2026-07-01,1:35 PM ET,Washington Nationals @ Boston Red Sox,Unknown,Unknown,9.5,9.09,NO BET / SKIP ⚠️,LOW ⚠️,SKIP,9.55,NO BET / SKIP ⚠️,LOW ⚠️,SKIP,12,"WHIP rendah (1.02): -0.3 run; Inning pendek (rata-rata 1.8 IP): +0.2 run (eksposur bullpen); Bullpen lemah (ERA 4.66): +0.3 run; Offense lemah (OPS 0.694): -0.3 run; Away Momentum (NEUTRAL Offense, STRUGGLING Pitcher): +0.30 run; Suhu panas (97.1°F): +0.3 run (udara tipis); Hitter's Park (PF 109): +0.9 run","WHIP rendah (1.02): -0.3 run; Inning pendek (rata-rata 1.8 IP): +0.2 run (eksposur bullpen); Bullpen lemah (ERA 4.66): +0.3 run; Offense lemah (OPS 0.694): -0.3 run; Away Momentum (NEUTRAL Offense, STRUGGLING Pitcher): +0.30 run; Suhu panas (97.1°F): +0.3 run (udara tipis); Hitter's Park (PF 109): +0.9 run"
2026-07-01,2:20 PM ET,San Diego Padres @ Chicago Cubs,Walker Buehler,Colin Rea,11.5,9.92,UNDER ✅,HIGH 🔥,LOSS,9.88,UNDER ✅,HIGH 🔥,LOSS,26,WHIP tinggi (1.41): +0.3 run; Inning pendek (rata-rata 4.8 IP): +0.2 run (eksposur bullpen); Disiplin tinggi (BB% 11.27): +0.2 run (eksposur baserunner); Offense lemah (OPS 0.669): -0.3 run; Angin OUTWARD kencang (14.5 mph): +0.48 run; Suhu panas (93.6°F): +0.3 run (udara tipis),WHIP tinggi (1.41): +0.3 run; Inning pendek (rata-rata 4.8 IP): +0.2 run (eksposur bullpen); Disiplin tinggi (BB% 11.27): +0.2 run (eksposur baserunner); Offense lemah (OPS 0.669): -0.3 run; Angin OUTWARD kencang (14.5 mph): +0.48 run; Suhu panas (93.6°F): +0.3 run (udara tipis)
2026-07-01,3:07 PM ET,New York Mets @ Toronto Blue Jays,Freddy Peralta,Braydon Fisher,8.5,8.1,NO BET / SKIP ⚠️,LOW ⚠️,SKIP,8.08,NO BET / SKIP ⚠️,LOW ⚠️,SKIP,12,"Kontrol buruk (BB/9 4.09): +0.3 run; Inning pendek (rata-rata 1.4 IP): +0.2 run (eksposur bullpen); Inning pendek (rata-rata 4.1 IP): +0.2 run (eksposur bullpen); Offense lemah (OPS 0.696): -0.3 run; Offense lemah (OPS 0.673): -0.3 run; Home Momentum (NEUTRAL Offense, PEAK Pitcher): -0.30 run; Away Momentum (NEUTRAL Offense, STRUGGLING Pitcher): +0.30 run; Atap stadion DITUTUP (retractable) — Kondisi udara dikontrol: +0.00 run","Kontrol buruk (BB/9 4.09): +0.3 run; Inning pendek (rata-rata 1.4 IP): +0.2 run (eksposur bullpen); Inning pendek (rata-rata 4.1 IP): +0.2 run (eksposur bullpen); Offense lemah (OPS 0.696): -0.3 run; Offense lemah (OPS 0.673): -0.3 run; Home Momentum (NEUTRAL Offense, PEAK Pitcher): -0.30 run; Away Momentum (NEUTRAL Offense, STRUGGLING Pitcher): +0.30 run; Atap stadion DITUTUP (retractable) — Kondisi udara dikontrol: +0.00 run"
2026-07-01,6:40 PM ET,Pittsburgh Pirates @ Philadelphia Phillies,Unknown,Unknown,8.5,7.45,UNDER ✅,MEDIUM ⚡,LOSS,7.98,UNDER ✅,MEDIUM ⚡,LOSS,16,WHIP rendah (0.86): -0.3 run; WHIP rendah (0.97): -0.3 run; Kontrol elit (BB/9 1.94): -0.3 run; Suhu panas (85.9°F): +0.3 run (udara tipis); Hitter's Park (PF 107): +0.7 run,WHIP rendah (0.86): -0.3 run; WHIP rendah (0.97): -0.3 run; Kontrol elit (BB/9 1.94): -0.3 run; Suhu panas (85.9°F): +0.3 run (udara tipis); Hitter's Park (PF 107): +0.7 run
2026-07-01,7:15 PM ET,St. Louis Cardinals @ Atlanta Braves,Michael McGreevy,Reynaldo López,9.5,8.7,UNDER ✅,MEDIUM ⚡,WIN,8.91,UNDER ✅,MEDIUM ⚡,WIN,6,Kontrol buruk (BB/9 4.05): +0.3 run; Inning pendek (rata-rata 2.7 IP): +0.2 run (eksposur bullpen); Suhu panas (86.9°F): +0.3 run (udara tipis),Kontrol buruk (BB/9 4.05): +0.3 run; Inning pendek (rata-rata 2.7 IP): +0.2 run (eksposur bullpen); Suhu panas (86.9°F): +0.3 run (udara tipis)
2026-07-01,7:40 PM ET,Tampa Bay Rays @ Kansas City Royals,Shane McClanahan,Seth Lugo,10.5,9.43,UNDER ✅,MEDIUM ⚡,WIN,9.68,UNDER ✅,MEDIUM ⚡,WIN,4,Inning pendek (rata-rata 4.7 IP): +0.2 run (eksposur bullpen); Bullpen lemah (ERA 4.88): +0.3 run; Inning pendek (rata-rata 4.4 IP): +0.2 run (eksposur bullpen); Hitter's Park (PF 106): +0.6 run,Inning pendek (rata-rata 4.7 IP): +0.2 run (eksposur bullpen); Bullpen lemah (ERA 4.88): +0.3 run; Inning pendek (rata-rata 4.4 IP): +0.2 run (eksposur bullpen); Hitter's Park (PF 106): +0.6 run
2026-07-01,8:10 PM ET,Cincinnati Reds @ Milwaukee Brewers,Andrew Abbott,Shane Drohan,8.5,9.21,OVER ✅,MEDIUM ⚡,LOSS,9.39,OVER ✅,MEDIUM ⚡,LOSS,6,Inning pendek (rata-rata 4.7 IP): +0.2 run (eksposur bullpen); WHIP tinggi (1.41): +0.3 run; Kontrol buruk (BB/9 4.0): +0.3 run; Bullpen lemah (ERA 4.62): +0.3 run; Disiplin tinggi (BB% 10.74): +0.2 run (eksposur baserunner); Offense lemah (OPS 0.698): -0.3 run; Atap stadion DITUTUP (retractable) — Kondisi udara dikontrol: +0.00 run,Inning pendek (rata-rata 4.7 IP): +0.2 run (eksposur bullpen); WHIP tinggi (1.41): +0.3 run; Kontrol buruk (BB/9 4.0): +0.3 run; Bullpen lemah (ERA 4.62): +0.3 run; Disiplin tinggi (BB% 10.74): +0.2 run (eksposur baserunner); Offense lemah (OPS 0.698): -0.3 run; Atap stadion DITUTUP (retractable) — Kondisi udara dikontrol: +0.00 run
2026-07-01,8:10 PM ET,Minnesota Twins @ Houston Astros,Taj Bradley,Tatsuya Imai,8.5,10.94,OVER ✅,HIGH 🔥,WIN,10.95,OVER ✅,HIGH 🔥,WIN,11,Kontrol buruk (BB/9 4.79): +0.3 run; Inning pendek (rata-rata 4.1 IP): +0.2 run (eksposur bullpen); Bullpen lemah (ERA 4.73): +0.3 run; Kontrol buruk (BB/9 3.76): +0.3 run; Bullpen lemah (ERA 4.87): +0.3 run; Efisien RISP (0.288): +0.2 run; Data cuaca tidak tersedia.,Kontrol buruk (BB/9 4.79): +0.3 run; Inning pendek (rata-rata 4.1 IP): +0.2 run (eksposur bullpen); Bullpen lemah (ERA 4.73): +0.3 run; Kontrol buruk (BB/9 3.76): +0.3 run; Bullpen lemah (ERA 4.87): +0.3 run; Efisien RISP (0.288): +0.2 run; Data cuaca tidak tersedia.
2026-07-01,8:40 PM ET,Miami Marlins @ Colorado Rockies,Max Meyer,Kyle Freeland,10.5,11.49,OVER ✅,MEDIUM ⚡,LOSS,11.34,OVER ✅,MEDIUM ⚡,LOSS,9,WHIP tinggi (1.61): +0.3 run; Bullpen lemah (ERA 5.63): +0.3 run; Hitter's Park (PF 113): +1.3 run,WHIP tinggi (1.61): +0.3 run; Bullpen lemah (ERA 5.63): +0.3 run; Hitter's Park (PF 113): +1.3 run
2026-07-01,9:40 PM ET,Los Angeles Dodgers @ Athletics,Unknown,J.T. Ginn,9.5,9.59,NO BET / SKIP ⚠️,LOW ⚠️,SKIP,9.92,NO BET / SKIP ⚠️,LOW ⚠️,SKIP,8,"Kontrol buruk (BB/9 3.65): +0.3 run; Bullpen lemah (ERA 5.02): +0.3 run; Data pitcher tidak tersedia, menggunakan baseline.; Disiplin tinggi (BB% 10.47): +0.2 run (eksposur baserunner); Data cuaca tidak tersedia.","Kontrol buruk (BB/9 3.65): +0.3 run; Bullpen lemah (ERA 5.02): +0.3 run; Data pitcher tidak tersedia, menggunakan baseline.; Disiplin tinggi (BB% 10.47): +0.2 run (eksposur baserunner); Data cuaca tidak tersedia."
2026-07-01,9:40 PM ET,San Francisco Giants @ Arizona Diamondbacks,Trevor McDonald,Zac Gallen,9.5,10.0,OVER ✅,MEDIUM ⚡,WIN,9.47,NO BET / SKIP ⚠️,LOW ⚠️,SKIP,10,"WHIP tinggi (1.58): +0.3 run; Inning pendek (rata-rata 3.8 IP): +0.2 run (eksposur bullpen); Offense lemah (OPS 0.697): -0.3 run; Disiplin rendah (BB% 6.41): -0.2 run; Away Momentum (NEUTRAL Offense, STRUGGLING Pitcher): +0.30 run","WHIP tinggi (1.58): +0.3 run; Inning pendek (rata-rata 3.8 IP): +0.2 run (eksposur bullpen); Offense lemah (OPS 0.697): -0.3 run; Disiplin rendah (BB% 6.41): -0.2 run; Away Momentum (NEUTRAL Offense, STRUGGLING Pitcher): +0.30 run"
2026-07-02,10:10 PM ET,San Diego Padres @ Los Angeles Dodgers,Randy Vásquez,Roki Sasaki,8.5,10.78,OVER ✅,HIGH 🔥,WIN,10.42,OVER ✅,HIGH 🔥,WIN,19,"Kontrol buruk (BB/9 3.75): +0.3 run; Inning pendek (rata-rata 4.4 IP): +0.2 run (eksposur bullpen); WHIP tinggi (1.46): +0.3 run; Inning pendek (rata-rata 3.7 IP): +0.2 run (eksposur bullpen); Disiplin tinggi (BB% 10.53): +0.2 run (eksposur baserunner); Offense lemah (OPS 0.672): -0.3 run; Home Momentum (NEUTRAL Offense, STRUGGLING Pitcher): +0.30 run; Away Momentum (NEUTRAL Offense, STRUGGLING Pitcher): +0.30 run; Data cuaca tidak tersedia.","Kontrol buruk (BB/9 3.75): +0.3 run; Inning pendek (rata-rata 4.4 IP): +0.2 run (eksposur bullpen); WHIP tinggi (1.46): +0.3 run; Inning pendek (rata-rata 3.7 IP): +0.2 run (eksposur bullpen); Disiplin tinggi (BB% 10.53): +0.2 run (eksposur baserunner); Offense lemah (OPS 0.672): -0.3 run; Home Momentum (NEUTRAL Offense, STRUGGLING Pitcher): +0.30 run; Away Momentum (NEUTRAL Offense, STRUGGLING Pitcher): +0.30 run; Data cuaca tidak tersedia."
2026-07-02,12:35 PM ET,Pittsburgh Pirates @ Philadelphia Phillies,Jared Jones,Alan Rangel,9.5,11.35,OVER ✅,HIGH 🔥,LOSS,10.77,OVER ✅,MEDIUM ⚡,LOSS,7,Kontrol elit (BB/9 1.5): -0.3 run; Inning pendek (rata-rata 4.0 IP): +0.2 run (eksposur bullpen); WHIP tinggi (1.44): +0.3 run; Inning pendek (rata-rata 3.7 IP): +0.2 run (eksposur bullpen); Suhu panas (104.0°F): +0.3 run (udara tipis); Hitter's Park (PF 107): +0.7 run,Kontrol elit (BB/9 1.5): -0.3 run; Inning pendek (rata-rata 4.0 IP): +0.2 run (eksposur bullpen); WHIP tinggi (1.44): +0.3 run; Inning pendek (rata-rata 3.7 IP): +0.2 run (eksposur bullpen); Suhu panas (104.0°F): +0.3 run (udara tipis); Hitter's Park (PF 107): +0.7 run
2026-07-02,2:10 PM ET,Cincinnati Reds @ Milwaukee Brewers,Chase Burns,Jacob Misiorowski,7.5,5.69,UNDER ✅,HIGH 🔥,LOSS,6.4,UNDER ✅,MEDIUM ⚡,LOSS,9,"WHIP rendah (0.77): -0.3 run; Inning panjang (rata-rata 7.0 IP): -0.2 run (kurangi eksposur bullpen); WHIP rendah (1.08): -0.3 run; Bullpen lemah (ERA 4.62): +0.3 run; Disiplin tinggi (BB% 10.82): +0.2 run (eksposur baserunner); Offense lemah (OPS 0.698): -0.3 run; Home Momentum (NEUTRAL Offense, PEAK Pitcher): -0.30 run; Atap stadion DITUTUP (retractable) — Kondisi udara dikontrol: +0.00 run","WHIP rendah (0.77): -0.3 run; Inning panjang (rata-rata 7.0 IP): -0.2 run (kurangi eksposur bullpen); WHIP rendah (1.08): -0.3 run; Bullpen lemah (ERA 4.62): +0.3 run; Disiplin tinggi (BB% 10.82): +0.2 run (eksposur baserunner); Offense lemah (OPS 0.698): -0.3 run; Home Momentum (NEUTRAL Offense, PEAK Pitcher): -0.30 run; Atap stadion DITUTUP (retractable) — Kondisi udara dikontrol: +0.00 run"
2026-07-02,3:10 PM ET,Miami Marlins @ Colorado Rockies,Ryan Gusto,Michael Lorenzen,12.5,13.12,OVER ✅,MEDIUM ⚡,WIN,12.48,NO BET / SKIP ⚠️,LOW ⚠️,SKIP,18,"WHIP tinggi (1.79): +0.3 run; Bullpen lemah (ERA 5.6): +0.3 run; WHIP tinggi (1.55): +0.3 run; Inning pendek (rata-rata 3.8 IP): +0.2 run (eksposur bullpen); Away Momentum (NEUTRAL Offense, STRUGGLING Pitcher): +0.30 run; Angin INWARD kencang (11.6 mph): -0.36 run; Suhu panas (87.9°F): +0.3 run (udara tipis); Hitter's Park (PF 113): +1.3 run","WHIP tinggi (1.79): +0.3 run; Bullpen lemah (ERA 5.6): +0.3 run; WHIP tinggi (1.55): +0.3 run; Inning pendek (rata-rata 3.8 IP): +0.2 run (eksposur bullpen); Away Momentum (NEUTRAL Offense, STRUGGLING Pitcher): +0.30 run; Angin INWARD kencang (11.6 mph): -0.36 run; Suhu panas (87.9°F): +0.3 run (udara tipis); Hitter's Park (PF 113): +1.3 run"
2026-07-02,6:40 PM ET,Chicago White Sox @ Cleveland Guardians,Davis Martin,Slade Cecconi,8.5,8.19,NO BET / SKIP ⚠️,LOW ⚠️,SKIP,8.32,NO BET / SKIP ⚠️,LOW ⚠️,SKIP,11,Inning pendek (rata-rata 4.7 IP): +0.2 run (eksposur bullpen); Offense lemah (OPS 0.677): -0.3 run; Suhu panas (86.3°F): +0.3 run (udara tipis),Inning pendek (rata-rata 4.7 IP): +0.2 run (eksposur bullpen); Offense lemah (OPS 0.677): -0.3 run; Suhu panas (86.3°F): +0.3 run (udara tipis)
2026-07-02,7:15 PM ET,St. Louis Cardinals @ Atlanta Braves,Unknown,Unknown,8.5,9.58,OVER ✅,MEDIUM ⚡,WIN,9.56,OVER ✅,MEDIUM ⚡,WIN,16,WHIP tinggi (3.0): +0.3 run; Kontrol buruk (BB/9 18.0): +0.3 run; Suhu panas (85.3°F): +0.3 run (udara tipis),WHIP tinggi (3.0): +0.3 run; Kontrol buruk (BB/9 18.0): +0.3 run; Suhu panas (85.3°F): +0.3 run (udara tipis)
2026-07-02,7:40 PM ET,Tampa Bay Rays @ Kansas City Royals,Ian Seymour,Stephen Kolek,10.5,9.9,UNDER ✅,MEDIUM ⚡,WIN,9.96,UNDER ✅,MEDIUM ⚡,WIN,7,Kontrol elit (BB/9 1.9): -0.3 run; Inning pendek (rata-rata 4.4 IP): +0.2 run (eksposur bullpen); Bullpen lemah (ERA 4.87): +0.3 run; Kontrol buruk (BB/9 3.6): +0.3 run; Inning pendek (rata-rata 4.8 IP): +0.2 run (eksposur bullpen); Hitter's Park (PF 106): +0.6 run,Kontrol elit (BB/9 1.9): -0.3 run; Inning pendek (rata-rata 4.4 IP): +0.2 run (eksposur bullpen); Bullpen lemah (ERA 4.87): +0.3 run; Kontrol buruk (BB/9 3.6): +0.3 run; Inning pendek (rata-rata 4.8 IP): +0.2 run (eksposur bullpen); Hitter's Park (PF 106): +0.6 run
2026-07-02,8:05 PM ET,Detroit Tigers @ Texas Rangers,Framber Valdez,Nathan Eovaldi,8.5,7.94,UNDER ✅,MEDIUM ⚡,LOSS,7.89,UNDER ✅,MEDIUM ⚡,LOSS,14,Inning panjang (rata-rata 6.7 IP): -0.2 run (kurangi eksposur bullpen); Atap stadion DITUTUP (retractable) — Kondisi udara dikontrol: +0.00 run,Inning panjang (rata-rata 6.7 IP): -0.2 run (kurangi eksposur bullpen); Atap stadion DITUTUP (retractable) — Kondisi udara dikontrol: +0.00 run
2026-07-02,9:40 PM ET,Los Angeles Angels @ Seattle Mariners,Walbert Ureña,Bryce Miller,7.5,5.45,UNDER ✅,HIGH 🔥,WIN,5.98,UNDER ✅,HIGH 🔥,WIN,1,"WHIP rendah (0.72): -0.3 run; Kontrol elit (BB/9 0.99): -0.3 run; Kontrol buruk (BB/9 4.65): +0.3 run; Bullpen lemah (ERA 4.63): +0.3 run; Offense lemah (OPS 0.697): -0.3 run; Home Momentum (NEUTRAL Offense, PEAK Pitcher): -0.30 run; Kelembaban/Hujan (88% / 8%): +0.1 run (grip pitcher terganggu); Pitcher's Park (PF 91): -0.9 run","WHIP rendah (0.72): -0.3 run; Kontrol elit (BB/9 0.99): -0.3 run; Kontrol buruk (BB/9 4.65): +0.3 run; Bullpen lemah (ERA 4.63): +0.3 run; Offense lemah (OPS 0.697): -0.3 run; Home Momentum (NEUTRAL Offense, PEAK Pitcher): -0.30 run; Kelembaban/Hujan (88% / 8%): +0.1 run (grip pitcher terganggu); Pitcher's Park (PF 91): -0.9 run"
2026-07-03,10:10 PM ET,San Diego Padres @ Los Angeles Dodgers,Michael King,Shohei Ohtani,8.5,7.13,UNDER ✅,MEDIUM ⚡,WIN,7.58,UNDER ✅,MEDIUM ⚡,WIN,7,WHIP rendah (0.9): -0.3 run; Kontrol buruk (BB/9 3.64): +0.3 run; Disiplin tinggi (BB% 10.57): +0.2 run (eksposur baserunner); Offense lemah (OPS 0.676): -0.3 run; Data cuaca tidak tersedia.,WHIP rendah (0.9): -0.3 run; Kontrol buruk (BB/9 3.64): +0.3 run; Disiplin tinggi (BB% 10.57): +0.2 run (eksposur baserunner); Offense lemah (OPS 0.676): -0.3 run; Data cuaca tidak tersedia.
2026-07-03,10:10 PM ET,Toronto Blue Jays @ Seattle Mariners,Dylan Cease,Luis Castillo,7.5,7.94,NO BET / SKIP ⚠️,LOW ⚠️,SKIP,7.92,NO BET / SKIP ⚠️,LOW ⚠️,SKIP,2,"Kontrol buruk (BB/9 4.32): +0.3 run; Beban kerja tinggi (2 start > 100 pitch): +0.3 run; Inning pendek (rata-rata 4.8 IP): +0.2 run (eksposur bullpen); Offense lemah (OPS 0.694): -0.3 run; Away Momentum (NEUTRAL Offense, STRUGGLING Pitcher): +0.30 run; Pitcher's Park (PF 91): -0.9 run","Kontrol buruk (BB/9 4.32): +0.3 run; Beban kerja tinggi (2 start > 100 pitch): +0.3 run; Inning pendek (rata-rata 4.8 IP): +0.2 run (eksposur bullpen); Offense lemah (OPS 0.694): -0.3 run; Away Momentum (NEUTRAL Offense, STRUGGLING Pitcher): +0.30 run; Pitcher's Park (PF 91): -0.9 run"
2026-07-03,4:05 PM ET,St. Louis Cardinals @ Chicago Cubs,Andre Pallante,David Peterson,10.5,10.58,NO BET / SKIP ⚠️,LOW ⚠️,SKIP,10.47,NO BET / SKIP ⚠️,LOW ⚠️,SKIP,18,WHIP tinggi (1.59): +0.3 run; Kontrol buruk (BB/9 3.67): +0.3 run; Inning pendek (rata-rata 4.1 IP): +0.2 run (eksposur bullpen); Inning panjang (rata-rata 6.4 IP): -0.2 run (kurangi eksposur bullpen); Disiplin tinggi (BB% 11.31): +0.2 run (eksposur baserunner); Kelembaban/Hujan (87% / 17%): +0.1 run (grip pitcher terganggu),WHIP tinggi (1.59): +0.3 run; Kontrol buruk (BB/9 3.67): +0.3 run; Inning pendek (rata-rata 4.1 IP): +0.2 run (eksposur bullpen); Inning panjang (rata-rata 6.4 IP): -0.2 run (kurangi eksposur bullpen); Disiplin tinggi (BB% 11.31): +0.2 run (eksposur baserunner); Kelembaban/Hujan (87% / 17%): +0.1 run (grip pitcher terganggu)
2026-07-03,6:45 PM ET,Pittsburgh Pirates @ Washington Nationals,Mitch Keller,Foster Griffin,9.5,9.54,NO BET / SKIP ⚠️,LOW ⚠️,SKIP,9.72,NO BET / SKIP ⚠️,LOW ⚠️,SKIP,14,WHIP rendah (1.04): -0.3 run; Beban kerja tinggi (2 start > 100 pitch): +0.3 run; Inning panjang (rata-rata 6.7 IP): -0.2 run (kurangi eksposur bullpen); Bullpen lemah (ERA 4.63): +0.3 run; Suhu panas (93.0°F): +0.3 run (udara tipis),WHIP rendah (1.04): -0.3 run; Beban kerja tinggi (2 start > 100 pitch): +0.3 run; Inning panjang (rata-rata 6.7 IP): -0.2 run (kurangi eksposur bullpen); Bullpen lemah (ERA 4.63): +0.3 run; Suhu panas (93.0°F): +0.3 run (udara tipis)
2026-07-03,7:05 PM ET,Minnesota Twins @ New York Yankees,Mike Paredes,Gerrit Cole,9.5,10.22,OVER ✅,MEDIUM ⚡,LOSS,10.2,OVER ✅,MEDIUM ⚡,LOSS,7,Inning pendek (rata-rata 4.8 IP): +0.2 run (eksposur bullpen); Bullpen lemah (ERA 4.82): +0.3 run; Disiplin tinggi (BB% 10.5): +0.2 run (eksposur baserunner); Efisien RISP (0.288): +0.2 run; Suhu panas (87.7°F): +0.3 run (udara tipis),Inning pendek (rata-rata 4.8 IP): +0.2 run (eksposur bullpen); Bullpen lemah (ERA 4.82): +0.3 run; Disiplin tinggi (BB% 10.5): +0.2 run (eksposur baserunner); Efisien RISP (0.288): +0.2 run; Suhu panas (87.7°F): +0.3 run (udara tipis)
2026-07-03,7:10 PM ET,Baltimore Orioles @ Cincinnati Reds,Trevor Rogers,Brady Singer,9.5,11.16,OVER ✅,HIGH 🔥,LOSS,10.91,OVER ✅,MEDIUM ⚡,LOSS,3,"WHIP tinggi (1.54): +0.3 run; Bullpen lemah (ERA 4.59): +0.3 run; Inning panjang (rata-rata 6.4 IP): -0.2 run (kurangi eksposur bullpen); Disiplin tinggi (BB% 10.03): +0.2 run (eksposur baserunner); Away Momentum (NEUTRAL Offense, PEAK Pitcher): -0.30 run; Suhu panas (87.0°F): +0.3 run (udara tipis); Hitter's Park (PF 111): +1.1 run","WHIP tinggi (1.54): +0.3 run; Bullpen lemah (ERA 4.59): +0.3 run; Inning panjang (rata-rata 6.4 IP): -0.2 run (kurangi eksposur bullpen); Disiplin tinggi (BB% 10.03): +0.2 run (eksposur baserunner); Away Momentum (NEUTRAL Offense, PEAK Pitcher): -0.30 run; Suhu panas (87.0°F): +0.3 run (udara tipis); Hitter's Park (PF 111): +1.1 run"
2026-07-03,7:10 PM ET,Chicago White Sox @ Cleveland Guardians,Anthony Kay,Gavin Williams,8.5,9.37,OVER ✅,MEDIUM ⚡,LOSS,9.31,OVER ✅,MEDIUM ⚡,LOSS,7,"WHIP tinggi (1.43): +0.3 run; Inning pendek (rata-rata 4.4 IP): +0.2 run (eksposur bullpen); Offense lemah (OPS 0.68): -0.3 run; Away Momentum (NEUTRAL Offense, STRUGGLING Pitcher): +0.30 run; Suhu panas (85.6°F): +0.3 run (udara tipis)","WHIP tinggi (1.43): +0.3 run; Inning pendek (rata-rata 4.4 IP): +0.2 run (eksposur bullpen); Offense lemah (OPS 0.68): -0.3 run; Away Momentum (NEUTRAL Offense, STRUGGLING Pitcher): +0.30 run; Suhu panas (85.6°F): +0.3 run (udara tipis)"
2026-07-03,7:15 PM ET,New York Mets @ Atlanta Braves,Unknown,Unknown,9.5,8.94,UNDER ✅,MEDIUM ⚡,WIN,9.07,NO BET / SKIP ⚠️,LOW ⚠️,SKIP,8,"Kontrol buruk (BB/9 4.31): +0.3 run; Inning pendek (rata-rata 3.4 IP): +0.2 run (eksposur bullpen); Kontrol buruk (BB/9 4.2): +0.3 run; Inning pendek (rata-rata 4.5 IP): +0.2 run (eksposur bullpen); Offense lemah (OPS 0.673): -0.3 run; Away Momentum (NEUTRAL Offense, STRUGGLING Pitcher): +0.30 run; Data cuaca tidak tersedia.","Kontrol buruk (BB/9 4.31): +0.3 run; Inning pendek (rata-rata 3.4 IP): +0.2 run (eksposur bullpen); Kontrol buruk (BB/9 4.2): +0.3 run; Inning pendek (rata-rata 4.5 IP): +0.2 run (eksposur bullpen); Offense lemah (OPS 0.673): -0.3 run; Away Momentum (NEUTRAL Offense, STRUGGLING Pitcher): +0.30 run; Data cuaca tidak tersedia."
2026-07-03,8:10 PM ET,San Francisco Giants @ Colorado Rockies,Unknown,Unknown,11.5,8.76,UNDER ✅,HIGH 🔥,LOSS,9.21,UNDER ✅,HIGH 🔥,LOSS,18,"Bullpen lemah (ERA 5.58): +0.3 run; WHIP rendah (1.06): -0.3 run; Inning panjang (rata-rata 7.7 IP): -0.2 run (kurangi eksposur bullpen); Disiplin rendah (BB% 6.37): -0.2 run; Away Momentum (NEUTRAL Offense, PEAK Pitcher): -0.30 run; Hitter's Park (PF 113): +1.3 run","Bullpen lemah (ERA 5.58): +0.3 run; WHIP rendah (1.06): -0.3 run; Inning panjang (rata-rata 7.7 IP): -0.2 run (kurangi eksposur bullpen); Disiplin rendah (BB% 6.37): -0.2 run; Away Momentum (NEUTRAL Offense, PEAK Pitcher): -0.30 run; Hitter's Park (PF 113): +1.3 run"
2026-07-03,8:15 PM ET,Tampa Bay Rays @ Houston Astros,Unknown,Unknown,8.5,8.17,NO BET / SKIP ⚠️,LOW ⚠️,SKIP,8.5,NO BET / SKIP ⚠️,LOW ⚠️,SKIP,4,Kontrol buruk (BB/9 4.63): +0.3 run; Bullpen lemah (ERA 4.77): +0.3 run; Kontrol elit (BB/9 1.62): -0.3 run; Data cuaca tidak tersedia.,Kontrol buruk (BB/9 4.63): +0.3 run; Bullpen lemah (ERA 4.77): +0.3 run; Kontrol elit (BB/9 1.62): -0.3 run; Data cuaca tidak tersedia.
2026-07-03,9:38 PM ET,Boston Red Sox @ Los Angeles Angels,Jake Bennett,Reid Detmers,8.5,6.68,UNDER ✅,HIGH 🔥,WIN,6.97,UNDER ✅,HIGH 🔥,WIN,7,"WHIP rendah (1.06): -0.3 run; Bullpen lemah (ERA 4.59): +0.3 run; WHIP rendah (1.06): -0.3 run; Kontrol elit (BB/9 1.91): -0.3 run; Offense lemah (OPS 0.694): -0.3 run; Away Momentum (NEUTRAL Offense, PEAK Pitcher): -0.30 run; Kelembaban/Hujan (87% / 0%): +0.1 run (grip pitcher terganggu)","WHIP rendah (1.06): -0.3 run; Bullpen lemah (ERA 4.59): +0.3 run; WHIP rendah (1.06): -0.3 run; Kontrol elit (BB/9 1.91): -0.3 run; Offense lemah (OPS 0.694): -0.3 run; Away Momentum (NEUTRAL Offense, PEAK Pitcher): -0.30 run; Kelembaban/Hujan (87% / 0%): +0.1 run (grip pitcher terganggu)"
2026-07-03,9:40 PM ET,Miami Marlins @ Athletics,Tyler Phillips,Jack Perkins,10.5,9.63,UNDER ✅,MEDIUM ⚡,LOSS,9.63,UNDER ✅,MEDIUM ⚡,LOSS,17,Bullpen lemah (ERA 4.96): +0.3 run; Kontrol buruk (BB/9 4.11): +0.3 run; Data cuaca tidak tersedia.,Bullpen lemah (ERA 4.96): +0.3 run; Kontrol buruk (BB/9 4.11): +0.3 run; Data cuaca tidak tersedia.
2026-07-03,9:45 PM ET,Milwaukee Brewers @ Arizona Diamondbacks,Kyle Harrison,Jose Cabrera,8.5,7.23,UNDER ✅,MEDIUM ⚡,LOSS,7.6,UNDER ✅,MEDIUM ⚡,LOSS,11,Kontrol elit (BB/9 1.8): -0.3 run; WHIP rendah (1.04): -0.3 run; Offense lemah (OPS 0.694): -0.3 run; Disiplin tinggi (BB% 10.77): +0.2 run (eksposur baserunner); Atap stadion DITUTUP (retractable) — Kondisi udara dikontrol: +0.00 run,Kontrol elit (BB/9 1.8): -0.3 run; WHIP rendah (1.04): -0.3 run; Offense lemah (OPS 0.694): -0.3 run; Disiplin tinggi (BB% 10.77): +0.2 run (eksposur baserunner); Atap stadion DITUTUP (retractable) — Kondisi udara dikontrol: +0.00 run
2026-07-04,10:10 PM ET,San Diego Padres @ Los Angeles Dodgers,Wandy Peralta,Yoshinobu Yamamoto,8.5,7.08,UNDER ✅,MEDIUM ⚡,WIN,7.41,UNDER ✅,MEDIUM ⚡,WIN,3,WHIP rendah (0.89): -0.3 run; Kontrol elit (BB/9 1.75): -0.3 run; Inning panjang (rata-rata 6.7 IP): -0.2 run (kurangi eksposur bullpen); K/9 rendah (5.96): +0.3 run; Kontrol buruk (BB/9 3.57): +0.3 run; Inning pendek (rata-rata 1.4 IP): +0.2 run (eksposur bullpen); Disiplin tinggi (BB% 10.61): +0.2 run (eksposur baserunner); Offense lemah (OPS 0.676): -0.3 run; Data cuaca tidak tersedia.,WHIP rendah (0.89): -0.3 run; Kontrol elit (BB/9 1.75): -0.3 run; Inning panjang (rata-rata 6.7 IP): -0.2 run (kurangi eksposur bullpen); K/9 rendah (5.96): +0.3 run; Kontrol buruk (BB/9 3.57): +0.3 run; Inning pendek (rata-rata 1.4 IP): +0.2 run (eksposur bullpen); Disiplin tinggi (BB% 10.61): +0.2 run (eksposur baserunner); Offense lemah (OPS 0.676): -0.3 run; Data cuaca tidak tersedia.
2026-07-04,11:05 AM ET,Pittsburgh Pirates @ Washington Nationals,Braxton Ashcraft,Zack Littell,9.5,10.47,OVER ✅,MEDIUM ⚡,LOSS,10.54,OVER ✅,MEDIUM ⚡,LOSS,8,K/9 rendah (5.51): +0.3 run; Rawan Home Run (HR/9 2.48): +0.5 run; Inning pendek (rata-rata 4.7 IP): +0.2 run (eksposur bullpen); Bullpen lemah (ERA 4.63): +0.3 run; WHIP rendah (1.08): -0.3 run; K/9 tinggi (10.08): -0.4 run; Suhu panas (103.3°F): +0.3 run (udara tipis),K/9 rendah (5.51): +0.3 run; Rawan Home Run (HR/9 2.48): +0.5 run; Inning pendek (rata-rata 4.7 IP): +0.2 run (eksposur bullpen); Bullpen lemah (ERA 4.63): +0.3 run; WHIP rendah (1.08): -0.3 run; K/9 tinggi (10.08): -0.4 run; Suhu panas (103.3°F): +0.3 run (udara tipis)
2026-07-04,1:35 PM ET,Minnesota Twins @ New York Yankees,Zebby Matthews,Brendan Beck,9.5,12.02,OVER ✅,HIGH 🔥,WIN,11.75,OVER ✅,HIGH 🔥,WIN,15,WHIP tinggi (1.67): +0.3 run; K/9 rendah (3.0): +0.3 run; Kontrol buruk (BB/9 9.0): +0.3 run; Rawan Home Run (HR/9 3.0): +0.5 run; Kontrol elit (BB/9 1.92): -0.3 run; Rawan Home Run (HR/9 1.76): +0.5 run; Inning panjang (rata-rata 6.7 IP): -0.2 run (kurangi eksposur bullpen); Bullpen lemah (ERA 4.83): +0.3 run; Disiplin tinggi (BB% 10.49): +0.2 run (eksposur baserunner); Efisien RISP (0.285): +0.2 run; Angin OUTWARD kencang (10.1 mph): +0.3 run; Suhu panas (99.5°F): +0.3 run (udara tipis),WHIP tinggi (1.67): +0.3 run; K/9 rendah (3.0): +0.3 run; Kontrol buruk (BB/9 9.0): +0.3 run; Rawan Home Run (HR/9 3.0): +0.5 run; Kontrol elit (BB/9 1.92): -0.3 run; Rawan Home Run (HR/9 1.76): +0.5 run; Inning panjang (rata-rata 6.7 IP): -0.2 run (kurangi eksposur bullpen); Bullpen lemah (ERA 4.83): +0.3 run; Disiplin tinggi (BB% 10.49): +0.2 run (eksposur baserunner); Efisien RISP (0.285): +0.2 run; Angin OUTWARD kencang (10.1 mph): +0.3 run; Suhu panas (99.5°F): +0.3 run (udara tipis)
2026-07-04,4:05 PM ET,Detroit Tigers @ Texas Rangers,Jack Flaherty,Cal Quantrill,8.5,8.81,NO BET / SKIP ⚠️,LOW ⚠️,SKIP,8.64,NO BET / SKIP ⚠️,LOW ⚠️,SKIP,3,K/9 rendah (6.37): +0.3 run; Inning pendek (rata-rata 2.7 IP): +0.2 run (eksposur bullpen); WHIP tinggi (1.53): +0.3 run; K/9 tinggi (11.08): -0.4 run; Kontrol buruk (BB/9 4.71): +0.3 run; Inning pendek (rata-rata 4.3 IP): +0.2 run (eksposur bullpen); Matchup buruk: Tim K% tinggi (22.27) vs Pitcher K/9 tinggi (11.08): -0.4 run; Atap stadion DITUTUP (retractable) — Kondisi udara dikontrol: +0.00 run,K/9 rendah (6.37): +0.3 run; Inning pendek (rata-rata 2.7 IP): +0.2 run (eksposur bullpen); WHIP tinggi (1.53): +0.3 run; K/9 tinggi (11.08): -0.4 run; Kontrol buruk (BB/9 4.71): +0.3 run; Inning pendek (rata-rata 4.3 IP): +0.2 run (eksposur bullpen); Matchup buruk: Tim K% tinggi (22.27) vs Pitcher K/9 tinggi (11.08): -0.4 run; Atap stadion DITUTUP (retractable) — Kondisi udara dikontrol: +0.00 run
2026-07-04,4:10 PM ET,Toronto Blue Jays @ Seattle Mariners,Shane Bieber,Logan Gilbert,7.5,7.64,NO BET / SKIP ⚠️,LOW ⚠️,SKIP,7.19,NO BET / SKIP ⚠️,LOW ⚠️,SKIP,11,"WHIP rendah (1.01): -0.3 run; K/9 tinggi (9.63): -0.4 run; Kontrol elit (BB/9 1.98): -0.3 run; Inning panjang (rata-rata 6.7 IP): -0.2 run (kurangi eksposur bullpen); WHIP tinggi (2.0): +0.3 run; K/9 rendah (6.0): +0.3 run; Kontrol buruk (BB/9 4.0): +0.3 run; Rawan Home Run (HR/9 4.0): +0.5 run; Inning pendek (rata-rata 4.2 IP): +0.2 run (eksposur bullpen); Offense lemah (OPS 0.691): -0.3 run; Offense lemah (OPS 0.697): -0.3 run; Away Momentum (NEUTRAL Offense, STRUGGLING Pitcher): +0.30 run; Pitcher's Park (PF 91): -0.9 run","WHIP rendah (1.01): -0.3 run; K/9 tinggi (9.63): -0.4 run; Kontrol elit (BB/9 1.98): -0.3 run; Inning panjang (rata-rata 6.7 IP): -0.2 run (kurangi eksposur bullpen); WHIP tinggi (2.0): +0.3 run; K/9 rendah (6.0): +0.3 run; Kontrol buruk (BB/9 4.0): +0.3 run; Rawan Home Run (HR/9 4.0): +0.5 run; Inning pendek (rata-rata 4.2 IP): +0.2 run (eksposur bullpen); Offense lemah (OPS 0.691): -0.3 run; Offense lemah (OPS 0.697): -0.3 run; Away Momentum (NEUTRAL Offense, STRUGGLING Pitcher): +0.30 run; Pitcher's Park (PF 91): -0.9 run"
2026-07-04,7:10 PM ET,Tampa Bay Rays @ Houston Astros,Drew Rasmussen,Hunter Brown,7.5,6.52,UNDER ✅,MEDIUM ⚡,LOSS,7.68,NO BET / SKIP ⚠️,LOW ⚠️,SKIP,18,"K/9 tinggi (11.37): -0.4 run; Kontrol buruk (BB/9 4.62): +0.3 run; Inning pendek (rata-rata 4.7 IP): +0.2 run (eksposur bullpen); Bullpen lemah (ERA 4.75): +0.3 run; WHIP rendah (0.87): -0.3 run; Kontrol elit (BB/9 1.57): -0.3 run; Inning panjang (rata-rata 6.3 IP): -0.2 run (kurangi eksposur bullpen); Home Momentum (NEUTRAL Offense, STRUGGLING Pitcher): +0.30 run; Data cuaca tidak tersedia.","K/9 tinggi (11.37): -0.4 run; Kontrol buruk (BB/9 4.62): +0.3 run; Inning pendek (rata-rata 4.7 IP): +0.2 run (eksposur bullpen); Bullpen lemah (ERA 4.75): +0.3 run; WHIP rendah (0.87): -0.3 run; Kontrol elit (BB/9 1.57): -0.3 run; Inning panjang (rata-rata 6.3 IP): -0.2 run (kurangi eksposur bullpen); Home Momentum (NEUTRAL Offense, STRUGGLING Pitcher): +0.30 run; Data cuaca tidak tersedia."
2026-07-04,7:10 PM ET,Baltimore Orioles @ Cincinnati Reds,Brandon Young,Hunter Greene,9.5,9.47,NO BET / SKIP ⚠️,LOW ⚠️,SKIP,9.71,NO BET / SKIP ⚠️,LOW ⚠️,SKIP,13,"Data pitcher tidak tersedia, menggunakan baseline.; Bullpen lemah (ERA 4.56): +0.3 run; Offense lemah (OPS 0.697): -0.3 run; Disiplin tinggi (BB% 10.08): +0.2 run (eksposur baserunner); Hitter's Park (PF 111): +1.1 run","Data pitcher tidak tersedia, menggunakan baseline.; Bullpen lemah (ERA 4.56): +0.3 run; Offense lemah (OPS 0.697): -0.3 run; Disiplin tinggi (BB% 10.08): +0.2 run (eksposur baserunner); Hitter's Park (PF 111): +1.1 run"
2026-07-04,7:10 PM ET,Chicago White Sox @ Cleveland Guardians,Sean Burke,Parker Messick,8.5,6.67,UNDER ✅,HIGH 🔥,WIN,6.88,UNDER ✅,HIGH 🔥,WIN,4,WHIP rendah (1.06): -0.3 run; Inning panjang (rata-rata 6.5 IP): -0.2 run (kurangi eksposur bullpen); Offense lemah (OPS 0.678): -0.3 run; Disiplin tinggi (BB% 10.02): +0.2 run (eksposur baserunner); Matchup buruk: Tim K% tinggi (23.86) vs Pitcher K/9 tinggi (9.45): -0.4 run,WHIP rendah (1.06): -0.3 run; Inning panjang (rata-rata 6.5 IP): -0.2 run (kurangi eksposur bullpen); Offense lemah (OPS 0.678): -0.3 run; Disiplin tinggi (BB% 10.02): +0.2 run (eksposur baserunner); Matchup buruk: Tim K% tinggi (23.86) vs Pitcher K/9 tinggi (9.45): -0.4 run
2026-07-04,8:08 PM ET,St. Louis Cardinals @ Chicago Cubs,Kyle Leahy,Shota Imanaga,8.5,9.87,OVER ✅,MEDIUM ⚡,LOSS,9.91,OVER ✅,MEDIUM ⚡,LOSS,3,WHIP rendah (1.08): -0.3 run; Rawan Home Run (HR/9 1.83): +0.5 run; WHIP tinggi (1.48): +0.3 run; Disiplin tinggi (BB% 11.23): +0.2 run (eksposur baserunner); Kelembaban/Hujan (93% / 5%): +0.1 run (grip pitcher terganggu),WHIP rendah (1.08): -0.3 run; Rawan Home Run (HR/9 1.83): +0.5 run; WHIP tinggi (1.48): +0.3 run; Disiplin tinggi (BB% 11.23): +0.2 run (eksposur baserunner); Kelembaban/Hujan (93% / 5%): +0.1 run (grip pitcher terganggu)
2026-07-04,8:08 PM ET,New York Mets @ Atlanta Braves,Sean Manaea,Chris Sale,8.5,6.86,UNDER ✅,HIGH 🔥,LOSS,7.03,UNDER ✅,MEDIUM ⚡,LOSS,17,"WHIP rendah (1.08): -0.3 run; K/9 tinggi (10.9): -0.4 run; Inning pendek (rata-rata 4.4 IP): +0.2 run (eksposur bullpen); Offense lemah (OPS 0.673): -0.3 run; Matchup buruk: Tim K% tinggi (22.3) vs Pitcher K/9 tinggi (10.90): -0.4 run; Away Momentum (NEUTRAL Offense, STRUGGLING Pitcher): +0.30 run","WHIP rendah (1.08): -0.3 run; K/9 tinggi (10.9): -0.4 run; Inning pendek (rata-rata 4.4 IP): +0.2 run (eksposur bullpen); Offense lemah (OPS 0.673): -0.3 run; Matchup buruk: Tim K% tinggi (22.3) vs Pitcher K/9 tinggi (10.90): -0.4 run; Away Momentum (NEUTRAL Offense, STRUGGLING Pitcher): +0.30 run"
2026-07-04,8:10 PM ET,San Francisco Giants @ Colorado Rockies,Robbie Ray,Sean Sullivan,11.5,15.29,OVER ✅,HIGH 🔥,LOSS,13.18,OVER ✅,HIGH 🔥,LOSS,10,"[Coors Field] Penyesuaian ERA Home Pitcher (+15%): 8.64 ➡️ 9.94; [Coors Field] Penyesuaian WHIP Home Pitcher (+15%): 1.86 ➡️ 2.14; [Coors Field] Penyesuaian ERA Away Pitcher (+15%): 3.39 ➡️ 3.9; [Coors Field] Penyesuaian WHIP Away Pitcher (+15%): 1.22 ➡️ 1.4; WHIP tinggi (2.14): +0.3 run; K/9 rendah (6.48): +0.3 run; Kontrol buruk (BB/9 4.86): +0.3 run; Rawan Home Run (HR/9 2.16): +0.5 run; Inning pendek (rata-rata 4.4 IP): +0.2 run (eksposur bullpen); Bullpen lemah (ERA 5.54): +0.3 run; Kontrol buruk (BB/9 4.05): +0.3 run; Rawan Home Run (HR/9 1.32): +0.5 run; Inning panjang (rata-rata 7.4 IP): -0.2 run (kurangi eksposur bullpen); Disiplin rendah (BB% 6.33): -0.2 run; Home Momentum (NEUTRAL Offense, STRUGGLING Pitcher): +0.30 run; Away Momentum (NEUTRAL Offense, PEAK Pitcher): -0.30 run; Angin OUTWARD kencang (10.4 mph): +0.32 run; Hitter's Park (PF 113): +1.3 run","WHIP tinggi (1.86): +0.3 run; K/9 rendah (6.48): +0.3 run; Kontrol buruk (BB/9 4.86): +0.3 run; Rawan Home Run (HR/9 2.16): +0.5 run; Inning pendek (rata-rata 4.4 IP): +0.2 run (eksposur bullpen); Bullpen lemah (ERA 5.54): +0.3 run; Kontrol buruk (BB/9 4.05): +0.3 run; Rawan Home Run (HR/9 1.32): +0.5 run; Inning panjang (rata-rata 7.4 IP): -0.2 run (kurangi eksposur bullpen); Disiplin rendah (BB% 6.33): -0.2 run; Home Momentum (NEUTRAL Offense, STRUGGLING Pitcher): +0.30 run; Away Momentum (NEUTRAL Offense, PEAK Pitcher): -0.30 run; Angin OUTWARD kencang (10.4 mph): +0.32 run; Hitter's Park (PF 113): +1.3 run"
2026-07-04,8:10 PM ET,Philadelphia Phillies @ Kansas City Royals,Jesús Luzardo,Michael Wacha,9.5,8.3,UNDER ✅,MEDIUM ⚡,WIN,8.58,UNDER ✅,MEDIUM ⚡,WIN,7,Inning panjang (rata-rata 6.7 IP): -0.2 run (kurangi eksposur bullpen); Bullpen lemah (ERA 4.87): +0.3 run; K/9 tinggi (10.73): -0.4 run; Kelembaban/Hujan (87% / 10%): +0.1 run (grip pitcher terganggu); Hitter's Park (PF 106): +0.6 run,Inning panjang (rata-rata 6.7 IP): -0.2 run (kurangi eksposur bullpen); Bullpen lemah (ERA 4.87): +0.3 run; K/9 tinggi (10.73): -0.4 run; Kelembaban/Hujan (87% / 10%): +0.1 run (grip pitcher terganggu); Hitter's Park (PF 106): +0.6 run
2026-07-04,9:38 PM ET,Boston Red Sox @ Los Angeles Angels,Sonny Gray,Sam Aldegheri,8.5,8.87,NO BET / SKIP ⚠️,LOW ⚠️,SKIP,9.01,OVER ✅,MEDIUM ⚡,WIN,9,"WHIP tinggi (1.45): +0.3 run; K/9 rendah (6.07): +0.3 run; Kontrol buruk (BB/9 3.94): +0.3 run; Inning pendek (rata-rata 4.1 IP): +0.2 run (eksposur bullpen); Bullpen lemah (ERA 4.6): +0.3 run; Inning panjang (rata-rata 7.0 IP): -0.2 run (kurangi eksposur bullpen); Offense lemah (OPS 0.696): -0.3 run; Home Momentum (NEUTRAL Offense, STRUGGLING Pitcher): +0.30 run; Away Momentum (NEUTRAL Offense, PEAK Pitcher): -0.30 run","WHIP tinggi (1.45): +0.3 run; K/9 rendah (6.07): +0.3 run; Kontrol buruk (BB/9 3.94): +0.3 run; Inning pendek (rata-rata 4.1 IP): +0.2 run (eksposur bullpen); Bullpen lemah (ERA 4.6): +0.3 run; Inning panjang (rata-rata 7.0 IP): -0.2 run (kurangi eksposur bullpen); Offense lemah (OPS 0.696): -0.3 run; Home Momentum (NEUTRAL Offense, STRUGGLING Pitcher): +0.30 run; Away Momentum (NEUTRAL Offense, PEAK Pitcher): -0.30 run"
2026-07-04,9:40 PM ET,Milwaukee Brewers @ Arizona Diamondbacks,Brandon Woodruff,Merrill Kelly,9.5,9.82,NO BET / SKIP ⚠️,LOW ⚠️,SKIP,9.71,NO BET / SKIP ⚠️,LOW ⚠️,SKIP,7,WHIP tinggi (1.53): +0.3 run; K/9 rendah (5.18): +0.3 run; Kontrol buruk (BB/9 3.64): +0.3 run; Rawan Home Run (HR/9 1.98): +0.5 run; WHIP rendah (0.84): -0.3 run; Kontrol elit (BB/9 1.94): -0.3 run; Inning pendek (rata-rata 4.1 IP): +0.2 run (eksposur bullpen); Offense lemah (OPS 0.692): -0.3 run; Disiplin tinggi (BB% 10.76): +0.2 run (eksposur baserunner); Atap stadion DITUTUP (retractable) — Kondisi udara dikontrol: +0.00 run,WHIP tinggi (1.53): +0.3 run; K/9 rendah (5.18): +0.3 run; Kontrol buruk (BB/9 3.64): +0.3 run; Rawan Home Run (HR/9 1.98): +0.5 run; WHIP rendah (0.84): -0.3 run; Kontrol elit (BB/9 1.94): -0.3 run; Inning pendek (rata-rata 4.1 IP): +0.2 run (eksposur bullpen); Offense lemah (OPS 0.692): -0.3 run; Disiplin tinggi (BB% 10.76): +0.2 run (eksposur baserunner); Atap stadion DITUTUP (retractable) — Kondisi udara dikontrol: +0.00 run
2026-07-04,9:40 PM ET,Miami Marlins @ Athletics,Sandy Alcantara,Aaron Civale,10.5,11.02,OVER ✅,MEDIUM ⚡,LOSS,11.04,OVER ✅,MEDIUM ⚡,LOSS,9,"WHIP tinggi (1.57): +0.3 run; K/9 rendah (6.38): +0.3 run; Rawan Home Run (HR/9 1.86): +0.5 run; Inning pendek (rata-rata 4.0 IP): +0.2 run (eksposur bullpen); Bullpen lemah (ERA 5.04): +0.3 run; Home Momentum (NEUTRAL Offense, STRUGGLING Pitcher): +0.30 run; Data cuaca tidak tersedia.","WHIP tinggi (1.57): +0.3 run; K/9 rendah (6.38): +0.3 run; Rawan Home Run (HR/9 1.86): +0.5 run; Inning pendek (rata-rata 4.0 IP): +0.2 run (eksposur bullpen); Bullpen lemah (ERA 5.04): +0.3 run; Home Momentum (NEUTRAL Offense, STRUGGLING Pitcher): +0.30 run; Data cuaca tidak tersedia."
2026-07-05,12:30 PM ET,New York Mets @ Atlanta Braves,Nolan McLean,Martín Pérez,9.5,7.75,UNDER ✅,HIGH 🔥,PENDING,7.75,UNDER ✅,HIGH 🔥,PENDING,N/A,Kontrol buruk (BB/9 3.51): +0.3 run; K/9 tinggi (10.67): -0.4 run; Inning panjang (rata-rata 6.3 IP): -0.2 run (kurangi eksposur bullpen); Offense lemah (OPS 0.673): -0.3 run; Suhu panas (88.0°F): +0.3 run (udara tipis),Kontrol buruk (BB/9 3.51): +0.3 run; K/9 tinggi (10.67): -0.4 run; Inning panjang (rata-rata 6.3 IP): -0.2 run (kurangi eksposur bullpen); Offense lemah (OPS 0.673): -0.3 run; Suhu panas (88.0°F): +0.3 run (udara tipis)
2026-07-05,1:00 PM ET,Pittsburgh Pirates @ Washington Nationals,Bubba Chandler,Cade Cavalli,9.5,9.65,NO BET / SKIP ⚠️,LOW ⚠️,SKIP,9.65,NO BET / SKIP ⚠️,LOW ⚠️,SKIP,N/A,K/9 tinggi (10.16): -0.4 run; Bullpen lemah (ERA 4.66): +0.3 run; Kontrol buruk (BB/9 5.04): +0.3 run; Matchup buruk: Tim K% tinggi (23.98) vs Pitcher K/9 tinggi (10.16): -0.4 run; Suhu panas (93.1°F): +0.3 run (udara tipis),K/9 tinggi (10.16): -0.4 run; Bullpen lemah (ERA 4.66): +0.3 run; Kontrol buruk (BB/9 5.04): +0.3 run; Matchup buruk: Tim K% tinggi (23.98) vs Pitcher K/9 tinggi (10.16): -0.4 run; Suhu panas (93.1°F): +0.3 run (udara tipis)
2026-07-05,1:05 PM ET,Baltimore Orioles @ Cincinnati Reds,Kyle Bradish,Nick Lodolo,9.5,11.73,OVER ✅,HIGH 🔥,PENDING,11.73,OVER ✅,HIGH 🔥,PENDING,N/A,"WHIP tinggi (1.47): +0.3 run; Kontrol buruk (BB/9 3.83): +0.3 run; Rawan Home Run (HR/9 1.39): +0.5 run; Inning pendek (rata-rata 4.4 IP): +0.2 run (eksposur bullpen); Bullpen lemah (ERA 4.6): +0.3 run; WHIP tinggi (1.45): +0.3 run; Kontrol buruk (BB/9 4.55): +0.3 run; Inning panjang (rata-rata 6.4 IP): -0.2 run (kurangi eksposur bullpen); Offense lemah (OPS 0.699): -0.3 run; Matchup buruk: Tim K% tinggi (24.81) vs Pitcher K/9 tinggi (9.29): -0.4 run; Disiplin tinggi (BB% 10.16): +0.2 run (eksposur baserunner); Home Momentum (NEUTRAL Offense, STRUGGLING Pitcher): +0.30 run; Hitter's Park (PF 111): +1.1 run","WHIP tinggi (1.47): +0.3 run; Kontrol buruk (BB/9 3.83): +0.3 run; Rawan Home Run (HR/9 1.39): +0.5 run; Inning pendek (rata-rata 4.4 IP): +0.2 run (eksposur bullpen); Bullpen lemah (ERA 4.6): +0.3 run; WHIP tinggi (1.45): +0.3 run; Kontrol buruk (BB/9 4.55): +0.3 run; Inning panjang (rata-rata 6.4 IP): -0.2 run (kurangi eksposur bullpen); Offense lemah (OPS 0.699): -0.3 run; Matchup buruk: Tim K% tinggi (24.81) vs Pitcher K/9 tinggi (9.29): -0.4 run; Disiplin tinggi (BB% 10.16): +0.2 run (eksposur baserunner); Home Momentum (NEUTRAL Offense, STRUGGLING Pitcher): +0.30 run; Hitter's Park (PF 111): +1.1 run"
2026-07-05,1:35 PM ET,Minnesota Twins @ New York Yankees,Joe Ryan,Ryan Weathers,8.5,9.33,OVER ✅,MEDIUM ⚡,PENDING,9.33,OVER ✅,MEDIUM ⚡,PENDING,N/A,"K/9 tinggi (9.98): -0.4 run; Rawan Home Run (HR/9 1.63): +0.5 run; Inning pendek (rata-rata 4.4 IP): +0.2 run (eksposur bullpen); WHIP rendah (1.08): -0.3 run; K/9 tinggi (10.45): -0.4 run; Bullpen lemah (ERA 4.82): +0.3 run; Matchup buruk: Tim K% tinggi (23.53) vs Pitcher K/9 tinggi (10.45): -0.4 run; Disiplin tinggi (BB% 10.54): +0.2 run (eksposur baserunner); Efisien RISP (0.284): +0.2 run; Away Momentum (NEUTRAL Offense, STRUGGLING Pitcher): +0.30 run; Suhu panas (86.3°F): +0.3 run (udara tipis)","K/9 tinggi (9.98): -0.4 run; Rawan Home Run (HR/9 1.63): +0.5 run; Inning pendek (rata-rata 4.4 IP): +0.2 run (eksposur bullpen); WHIP rendah (1.08): -0.3 run; K/9 tinggi (10.45): -0.4 run; Bullpen lemah (ERA 4.82): +0.3 run; Matchup buruk: Tim K% tinggi (23.53) vs Pitcher K/9 tinggi (10.45): -0.4 run; Disiplin tinggi (BB% 10.54): +0.2 run (eksposur baserunner); Efisien RISP (0.284): +0.2 run; Away Momentum (NEUTRAL Offense, STRUGGLING Pitcher): +0.30 run; Suhu panas (86.3°F): +0.3 run (udara tipis)"
2026-07-05,2:00 PM ET,Chicago White Sox @ Cleveland Guardians,Chris Murphy,Tanner Bibee,8.5,8.71,NO BET / SKIP ⚠️,LOW ⚠️,SKIP,8.71,NO BET / SKIP ⚠️,LOW ⚠️,SKIP,N/A,Rawan Home Run (HR/9 1.5): +0.5 run; Kontrol buruk (BB/9 4.74): +0.3 run; Supresi Home Run elit (HR/9 0.47): -0.4 run; Inning pendek (rata-rata 0.8 IP): +0.2 run (eksposur bullpen); Offense lemah (OPS 0.677): -0.3 run; Kelembaban/Hujan (90% / 30%): +0.1 run (grip pitcher terganggu),Rawan Home Run (HR/9 1.5): +0.5 run; Kontrol buruk (BB/9 4.74): +0.3 run; Supresi Home Run elit (HR/9 0.47): -0.4 run; Inning pendek (rata-rata 0.8 IP): +0.2 run (eksposur bullpen); Offense lemah (OPS 0.677): -0.3 run; Kelembaban/Hujan (90% / 30%): +0.1 run (grip pitcher terganggu)
2026-07-05,2:30 PM ET,St. Louis Cardinals @ Chicago Cubs,Matthew Liberatore,Javier Assad,8.5,12.37,OVER ✅,HIGH 🔥,PENDING,12.37,OVER ✅,HIGH 🔥,PENDING,N/A,"K/9 rendah (5.4): +0.3 run; Rawan Home Run (HR/9 1.74): +0.5 run; Inning pendek (rata-rata 4.1 IP): +0.2 run (eksposur bullpen); WHIP tinggi (1.55): +0.3 run; Kontrol buruk (BB/9 3.59): +0.3 run; Rawan Home Run (HR/9 1.85): +0.5 run; Inning pendek (rata-rata 3.8 IP): +0.2 run (eksposur bullpen); Disiplin tinggi (BB% 11.23): +0.2 run (eksposur baserunner); Away Momentum (NEUTRAL Offense, STRUGGLING Pitcher): +0.30 run; Kelembaban/Hujan (96% / 11%): +0.1 run (grip pitcher terganggu)","K/9 rendah (5.4): +0.3 run; Rawan Home Run (HR/9 1.74): +0.5 run; Inning pendek (rata-rata 4.1 IP): +0.2 run (eksposur bullpen); WHIP tinggi (1.55): +0.3 run; Kontrol buruk (BB/9 3.59): +0.3 run; Rawan Home Run (HR/9 1.85): +0.5 run; Inning pendek (rata-rata 3.8 IP): +0.2 run (eksposur bullpen); Disiplin tinggi (BB% 11.23): +0.2 run (eksposur baserunner); Away Momentum (NEUTRAL Offense, STRUGGLING Pitcher): +0.30 run; Kelembaban/Hujan (96% / 11%): +0.1 run (grip pitcher terganggu)"
2026-07-05,3:00 PM ET,Philadelphia Phillies @ Kansas City Royals,Aaron Nola,Luinder Avila,9.5,12.51,OVER ✅,HIGH 🔥,PENDING,12.51,OVER ✅,HIGH 🔥,PENDING,N/A,"WHIP tinggi (1.67): +0.3 run; Kontrol buruk (BB/9 5.79): +0.3 run; Inning pendek (rata-rata 4.7 IP): +0.2 run (eksposur bullpen); Bullpen lemah (ERA 4.88): +0.3 run; WHIP tinggi (1.49): +0.3 run; Rawan Home Run (HR/9 2.01): +0.5 run; Inning pendek (rata-rata 4.7 IP): +0.2 run (eksposur bullpen); Offense lemah (OPS 0.699): -0.3 run; Away Momentum (NEUTRAL Offense, STRUGGLING Pitcher): +0.30 run; Suhu panas (88.9°F): +0.3 run (udara tipis); Hitter's Park (PF 106): +0.6 run","WHIP tinggi (1.67): +0.3 run; Kontrol buruk (BB/9 5.79): +0.3 run; Inning pendek (rata-rata 4.7 IP): +0.2 run (eksposur bullpen); Bullpen lemah (ERA 4.88): +0.3 run; WHIP tinggi (1.49): +0.3 run; Rawan Home Run (HR/9 2.01): +0.5 run; Inning pendek (rata-rata 4.7 IP): +0.2 run (eksposur bullpen); Offense lemah (OPS 0.699): -0.3 run; Away Momentum (NEUTRAL Offense, STRUGGLING Pitcher): +0.30 run; Suhu panas (88.9°F): +0.3 run (udara tipis); Hitter's Park (PF 106): +0.6 run"
2026-07-05,3:30 PM ET,Detroit Tigers @ Texas Rangers,Casey Mize,Kumar Rocker,8.5,6.42,UNDER ✅,HIGH 🔥,PENDING,6.42,UNDER ✅,HIGH 🔥,PENDING,N/A,Inning pendek (rata-rata 4.7 IP): +0.2 run (eksposur bullpen); WHIP rendah (0.97): -0.3 run; Kontrol elit (BB/9 1.94): -0.3 run; Supresi Home Run elit (HR/9 0.55): -0.4 run; Matchup buruk: Tim K% tinggi (22.2) vs Pitcher K/9 tinggi (9.42): -0.4 run; Atap stadion DITUTUP (retractable) — Kondisi udara dikontrol: +0.00 run,Inning pendek (rata-rata 4.7 IP): +0.2 run (eksposur bullpen); WHIP rendah (0.97): -0.3 run; Kontrol elit (BB/9 1.94): -0.3 run; Supresi Home Run elit (HR/9 0.55): -0.4 run; Matchup buruk: Tim K% tinggi (22.2) vs Pitcher K/9 tinggi (9.42): -0.4 run; Atap stadion DITUTUP (retractable) — Kondisi udara dikontrol: +0.00 run
2026-07-05,3:30 PM ET,Tampa Bay Rays @ Houston Astros,Unknown,Peter Lambert,8.5,9.4,OVER ✅,MEDIUM ⚡,PENDING,9.4,OVER ✅,MEDIUM ⚡,PENDING,N/A,"Kontrol buruk (BB/9 3.75): +0.3 run; Bullpen lemah (ERA 4.78): +0.3 run; Data pitcher tidak tersedia, menggunakan baseline.; Atap stadion DITUTUP (retractable) — Kondisi udara dikontrol: +0.00 run","Kontrol buruk (BB/9 3.75): +0.3 run; Bullpen lemah (ERA 4.78): +0.3 run; Data pitcher tidak tersedia, menggunakan baseline.; Atap stadion DITUTUP (retractable) — Kondisi udara dikontrol: +0.00 run"
2026-07-05,4:00 PM ET,San Francisco Giants @ Colorado Rockies,Tyler Mahle,Tanner Gordon,12.5,13.95,OVER ✅,MEDIUM ⚡,PENDING,13.95,OVER ✅,MEDIUM ⚡,PENDING,N/A,WHIP tinggi (1.59): +0.3 run; Kontrol elit (BB/9 1.79): -0.3 run; Rawan Home Run (HR/9 1.56): +0.5 run; Inning pendek (rata-rata 4.3 IP): +0.2 run (eksposur bullpen); Bullpen lemah (ERA 5.54): +0.3 run; WHIP tinggi (1.47): +0.3 run; Kontrol buruk (BB/9 3.92): +0.3 run; Rawan Home Run (HR/9 1.62): +0.5 run; Inning pendek (rata-rata 4.8 IP): +0.2 run (eksposur bullpen); Disiplin rendah (BB% 6.33): -0.2 run; Suhu panas (95.9°F): +0.3 run (udara tipis); Hitter's Park (PF 113): +1.3 run,WHIP tinggi (1.59): +0.3 run; Kontrol elit (BB/9 1.79): -0.3 run; Rawan Home Run (HR/9 1.56): +0.5 run; Inning pendek (rata-rata 4.3 IP): +0.2 run (eksposur bullpen); Bullpen lemah (ERA 5.54): +0.3 run; WHIP tinggi (1.47): +0.3 run; Kontrol buruk (BB/9 3.92): +0.3 run; Rawan Home Run (HR/9 1.62): +0.5 run; Inning pendek (rata-rata 4.8 IP): +0.2 run (eksposur bullpen); Disiplin rendah (BB% 6.33): -0.2 run; Suhu panas (95.9°F): +0.3 run (udara tipis); Hitter's Park (PF 113): +1.3 run
2026-07-05,4:10 PM ET,Milwaukee Brewers @ Arizona Diamondbacks,Brandon Sproat,Eduardo Rodriguez,9.5,9.0,UNDER ✅,MEDIUM ⚡,PENDING,9.0,UNDER ✅,MEDIUM ⚡,PENDING,N/A,K/9 rendah (6.26): +0.3 run; Inning panjang (rata-rata 6.7 IP): -0.2 run (kurangi eksposur bullpen); K/9 tinggi (9.6): -0.4 run; Kontrol buruk (BB/9 4.08): +0.3 run; Rawan Home Run (HR/9 1.68): +0.5 run; Inning pendek (rata-rata 4.8 IP): +0.2 run (eksposur bullpen); Offense lemah (OPS 0.69): -0.3 run; Disiplin tinggi (BB% 10.7): +0.2 run (eksposur baserunner); Atap stadion DITUTUP (retractable) — Kondisi udara dikontrol: +0.00 run,K/9 rendah (6.26): +0.3 run; Inning panjang (rata-rata 6.7 IP): -0.2 run (kurangi eksposur bullpen); K/9 tinggi (9.6): -0.4 run; Kontrol buruk (BB/9 4.08): +0.3 run; Rawan Home Run (HR/9 1.68): +0.5 run; Inning pendek (rata-rata 4.8 IP): +0.2 run (eksposur bullpen); Offense lemah (OPS 0.69): -0.3 run; Disiplin tinggi (BB% 10.7): +0.2 run (eksposur baserunner); Atap stadion DITUTUP (retractable) — Kondisi udara dikontrol: +0.00 run
2026-07-05,4:30 PM ET,Miami Marlins @ Athletics,Eury Pérez,Gage Jump,9.5,8.59,UNDER ✅,MEDIUM ⚡,PENDING,8.59,UNDER ✅,MEDIUM ⚡,PENDING,N/A,Supresi Home Run elit (HR/9 0.45): -0.4 run; Bullpen lemah (ERA 5.07): +0.3 run; K/9 tinggi (10.03): -0.4 run; Kontrol buruk (BB/9 3.96): +0.3 run; Rawan Home Run (HR/9 1.61): +0.5 run; Inning pendek (rata-rata 4.4 IP): +0.2 run (eksposur bullpen); Matchup buruk: Tim K% tinggi (22.48) vs Pitcher K/9 tinggi (10.03): -0.4 run,Supresi Home Run elit (HR/9 0.45): -0.4 run; Bullpen lemah (ERA 5.07): +0.3 run; K/9 tinggi (10.03): -0.4 run; Kontrol buruk (BB/9 3.96): +0.3 run; Rawan Home Run (HR/9 1.61): +0.5 run; Inning pendek (rata-rata 4.4 IP): +0.2 run (eksposur bullpen); Matchup buruk: Tim K% tinggi (22.48) vs Pitcher K/9 tinggi (10.03): -0.4 run
2026-07-05,5:00 PM ET,Toronto Blue Jays @ Seattle Mariners,Trey Yesavage,Emerson Hancock,7.5,6.32,UNDER ✅,MEDIUM ⚡,PENDING,6.32,UNDER ✅,MEDIUM ⚡,PENDING,N/A,WHIP rendah (1.05): -0.3 run; Inning pendek (rata-rata 4.8 IP): +0.2 run (eksposur bullpen); Kontrol buruk (BB/9 4.01): +0.3 run; Offense lemah (OPS 0.694): -0.3 run; Offense lemah (OPS 0.692): -0.3 run; Pitcher's Park (PF 91): -0.9 run,WHIP rendah (1.05): -0.3 run; Inning pendek (rata-rata 4.8 IP): +0.2 run (eksposur bullpen); Kontrol buruk (BB/9 4.01): +0.3 run; Offense lemah (OPS 0.694): -0.3 run; Offense lemah (OPS 0.692): -0.3 run; Pitcher's Park (PF 91): -0.9 run
2026-07-05,7:20 PM ET,San Diego Padres @ Los Angeles Dodgers,JP Sears,Emmet Sheehan,9.5,10.56,OVER ✅,MEDIUM ⚡,PENDING,10.56,OVER ✅,MEDIUM ⚡,PENDING,N/A,"K/9 tinggi (10.03): -0.4 run; Rawan Home Run (HR/9 1.86): +0.5 run; Inning pendek (rata-rata 4.4 IP): +0.2 run (eksposur bullpen); WHIP tinggi (1.74): +0.3 run; Kontrol buruk (BB/9 4.35): +0.3 run; Rawan Home Run (HR/9 3.48): +0.5 run; Inning pendek (rata-rata 4.7 IP): +0.2 run (eksposur bullpen); Disiplin tinggi (BB% 10.6): +0.2 run (eksposur baserunner); Offense lemah (OPS 0.673): -0.3 run; Matchup buruk: Tim K% tinggi (23.01) vs Pitcher K/9 tinggi (10.03): -0.4 run; Home Momentum (NEUTRAL Offense, STRUGGLING Pitcher): +0.30 run","K/9 tinggi (10.03): -0.4 run; Rawan Home Run (HR/9 1.86): +0.5 run; Inning pendek (rata-rata 4.4 IP): +0.2 run (eksposur bullpen); WHIP tinggi (1.74): +0.3 run; Kontrol buruk (BB/9 4.35): +0.3 run; Rawan Home Run (HR/9 3.48): +0.5 run; Inning pendek (rata-rata 4.7 IP): +0.2 run (eksposur bullpen); Disiplin tinggi (BB% 10.6): +0.2 run (eksposur baserunner); Offense lemah (OPS 0.673): -0.3 run; Matchup buruk: Tim K% tinggi (23.01) vs Pitcher K/9 tinggi (10.03): -0.4 run; Home Momentum (NEUTRAL Offense, STRUGGLING Pitcher): +0.30 run"
2026-07-05,9:30 PM ET,Boston Red Sox @ Los Angeles Angels,Ranger Suarez,Ryan Johnson,8.5,8.7,NO BET / SKIP ⚠️,LOW ⚠️,SKIP,8.7,NO BET / SKIP ⚠️,LOW ⚠️,SKIP,N/A,WHIP tinggi (1.52): +0.3 run; Rawan Home Run (HR/9 2.22): +0.5 run; Bullpen lemah (ERA 4.64): +0.3 run; Supresi Home Run elit (HR/9 0.51): -0.4 run; Matchup buruk: Tim K% tinggi (24.91) vs Pitcher K/9 tinggi (9.34): -0.4 run; Offense lemah (OPS 0.697): -0.3 run,WHIP tinggi (1.52): +0.3 run; Rawan Home Run (HR/9 2.22): +0.5 run; Bullpen lemah (ERA 4.64): +0.3 run; Supresi Home Run elit (HR/9 0.51): -0.4 run; Matchup buruk: Tim K% tinggi (24.91) vs Pitcher K/9 tinggi (9.34): -0.4 run; Offense lemah (OPS 0.697): -0.3 run
